[2025-10-19 08:55:21] local.ERROR: SQLSTATE[HY000] [1045] Access denied for user 'root'@'localhost' (using password: NO) (Connection: mysql, SQL: select count(*) as aggregate from `fakultas`) {"exception":"[object] (Illuminate\\Database\\QueryException(code: 1045): SQLSTATE[HY000] [1045] Access denied for user 'root'@'localhost' (using password: NO) (Connection: mysql, SQL: select count(*) as aggregate from `fakultas`) at /www/wwwroot/salutbagansiapiapi.com/Universitas_Terbuka/vendor/laravel/framework/src/Illuminate/Database/Connection.php:825)
[stacktrace]
#0 /www/wwwroot/salutbagansiapiapi.com/Universitas_Terbuka/vendor/laravel/framework/src/Illuminate/Database/Connection.php(779): Illuminate\\Database\\Connection->runQueryCallback()
#1 /www/wwwroot/salutbagansiapiapi.com/Universitas_Terbuka/vendor/laravel/framework/src/Illuminate/Database/Connection.php(398): Illuminate\\Database\\Connection->run()
#2 /www/wwwroot/salutbagansiapiapi.com/Universitas_Terbuka/vendor/laravel/framework/src/Illuminate/Database/Query/Builder.php(3133): Illuminate\\Database\\Connection->select()
#3 /www/wwwroot/salutbagansiapiapi.com/Universitas_Terbuka/vendor/laravel/framework/src/Illuminate/Database/Query/Builder.php(3118): Illuminate\\Database\\Query\\Builder->runSelect()
#4 /www/wwwroot/salutbagansiapiapi.com/Universitas_Terbuka/vendor/laravel/framework/src/Illuminate/Database/Query/Builder.php(3706): Illuminate\\Database\\Query\\Builder->Illuminate\\Database\\Query\\{closure}()
#5 /www/wwwroot/salutbagansiapiapi.com/Universitas_Terbuka/vendor/laravel/framework/src/Illuminate/Database/Query/Builder.php(3117): Illuminate\\Database\\Query\\Builder->onceWithColumns()
#6 /www/wwwroot/salutbagansiapiapi.com/Universitas_Terbuka/vendor/laravel/framework/src/Illuminate/Database/Query/Builder.php(3633): Illuminate\\Database\\Query\\Builder->get()
#7 /www/wwwroot/salutbagansiapiapi.com/Universitas_Terbuka/vendor/laravel/framework/src/Illuminate/Database/Query/Builder.php(3561): Illuminate\\Database\\Query\\Builder->aggregate()
#8 /www/wwwroot/salutbagansiapiapi.com/Universitas_Terbuka/vendor/laravel/framework/src/Illuminate/Database/Eloquent/Builder.php(2099): Illuminate\\Database\\Query\\Builder->count()
#9 /www/wwwroot/salutbagansiapiapi.com/Universitas_Terbuka/vendor/laravel/framework/src/Illuminate/Support/Traits/ForwardsCalls.php(23): Illuminate\\Database\\Eloquent\\Builder->__call()
#10 /www/wwwroot/salutbagansiapiapi.com/Universitas_Terbuka/vendor/laravel/framework/src/Illuminate/Database/Eloquent/Model.php(2368): Illuminate\\Database\\Eloquent\\Model->forwardCallTo()
#11 /www/wwwroot/salutbagansiapiapi.com/Universitas_Terbuka/vendor/laravel/framework/src/Illuminate/Database/Eloquent/Model.php(2380): Illuminate\\Database\\Eloquent\\Model->__call()
#12 /www/wwwroot/salutbagansiapiapi.com/Universitas_Terbuka/app/Http/Controllers/LandingController.php(16): Illuminate\\Database\\Eloquent\\Model::__callStatic()
#13 /www/wwwroot/salutbagansiapiapi.com/Universitas_Terbuka/vendor/laravel/framework/src/Illuminate/Routing/ControllerDispatcher.php(47): App\\Http\\Controllers\\LandingController->index()
#14 /www/wwwroot/salutbagansiapiapi.com/Universitas_Terbuka/vendor/laravel/framework/src/Illuminate/Routing/Route.php(266): Illuminate\\Routing\\ControllerDispatcher->dispatch()
#15 /www/wwwroot/salutbagansiapiapi.com/Universitas_Terbuka/vendor/laravel/framework/src/Illuminate/Routing/Route.php(212): Illuminate\\Routing\\Route->runController()
#16 /www/wwwroot/salutbagansiapiapi.com/Universitas_Terbuka/vendor/laravel/framework/src/Illuminate/Routing/Router.php(808): Illuminate\\Routing\\Route->run()
#17 /www/wwwroot/salutbagansiapiapi.com/Universitas_Terbuka/vendor/laravel/framework/src/Illuminate/Pipeline/Pipeline.php(170): Illuminate\\Routing\\Router->Illuminate\\Routing\\{closure}()
#18 /www/wwwroot/salutbagansiapiapi.com/Universitas_Terbuka/vendor/laravel/framework/src/Illuminate/Routing/Middleware/SubstituteBindings.php(51): Illuminate\\Pipeline\\Pipeline->Illuminate\\Pipeline\\{closure}()
#19 /www/wwwroot/salutbagansiapiapi.com/Universitas_Terbuka/vendor/laravel/framework/src/Illuminate/Pipeline/Pipeline.php(209): Illuminate\\Routing\\Middleware\\SubstituteBindings->handle()
#20 /www/wwwroot/salutbagansiapiapi.com/Universitas_Terbuka/vendor/laravel/framework/src/Illuminate/Foundation/Http/Middleware/VerifyCsrfToken.php(88): Illuminate\\Pipeline\\Pipeline->Illuminate\\Pipeline\\{closure}()
#21 /www/wwwroot/salutbagansiapiapi.com/Universitas_Terbuka/vendor/laravel/framework/src/Illuminate/Pipeline/Pipeline.php(209): Illuminate\\Foundation\\Http\\Middleware\\VerifyCsrfToken->handle()
#22 /www/wwwroot/salutbagansiapiapi.com/Universitas_Terbuka/vendor/laravel/framework/src/Illuminate/View/Middleware/ShareErrorsFromSession.php(49): Illuminate\\Pipeline\\Pipeline->Illuminate\\Pipeline\\{closure}()
#23 /www/wwwroot/salutbagansiapiapi.com/Universitas_Terbuka/vendor/laravel/framework/src/Illuminate/Pipeline/Pipeline.php(209): Illuminate\\View\\Middleware\\ShareErrorsFromSession->handle()
#24 /www/wwwroot/salutbagansiapiapi.com/Universitas_Terbuka/vendor/laravel/framework/src/Illuminate/Session/Middleware/StartSession.php(121): Illuminate\\Pipeline\\Pipeline->Illuminate\\Pipeline\\{closure}()
#25 /www/wwwroot/salutbagansiapiapi.com/Universitas_Terbuka/vendor/laravel/framework/src/Illuminate/Session/Middleware/StartSession.php(64): Illuminate\\Session\\Middleware\\StartSession->handleStatefulRequest()
#26 /www/wwwroot/salutbagansiapiapi.com/Universitas_Terbuka/vendor/laravel/framework/src/Illuminate/Pipeline/Pipeline.php(209): Illuminate\\Session\\Middleware\\StartSession->handle()
#27 /www/wwwroot/salutbagansiapiapi.com/Universitas_Terbuka/vendor/laravel/framework/src/Illuminate/Cookie/Middleware/AddQueuedCookiesToResponse.php(37): Illuminate\\Pipeline\\Pipeline->Illuminate\\Pipeline\\{closure}()
#28 /www/wwwroot/salutbagansiapiapi.com/Universitas_Terbuka/vendor/laravel/framework/src/Illuminate/Pipeline/Pipeline.php(209): Illuminate\\Cookie\\Middleware\\AddQueuedCookiesToResponse->handle()
#29 /www/wwwroot/salutbagansiapiapi.com/Universitas_Terbuka/vendor/laravel/framework/src/Illuminate/Cookie/Middleware/EncryptCookies.php(75): Illuminate\\Pipeline\\Pipeline->Illuminate\\Pipeline\\{closure}()
#30 /www/wwwroot/salutbagansiapiapi.com/Universitas_Terbuka/vendor/laravel/framework/src/Illuminate/Pipeline/Pipeline.php(209): Illuminate\\Cookie\\Middleware\\EncryptCookies->handle()
#31 /www/wwwroot/salutbagansiapiapi.com/Universitas_Terbuka/vendor/laravel/framework/src/Illuminate/Pipeline/Pipeline.php(127): Illuminate\\Pipeline\\Pipeline->Illuminate\\Pipeline\\{closure}()
#32 /www/wwwroot/salutbagansiapiapi.com/Universitas_Terbuka/vendor/laravel/framework/src/Illuminate/Routing/Router.php(807): Illuminate\\Pipeline\\Pipeline->then()
#33 /www/wwwroot/salutbagansiapiapi.com/Universitas_Terbuka/vendor/laravel/framework/src/Illuminate/Routing/Router.php(786): Illuminate\\Routing\\Router->runRouteWithinStack()
#34 /www/wwwroot/salutbagansiapiapi.com/Universitas_Terbuka/vendor/laravel/framework/src/Illuminate/Routing/Router.php(750): Illuminate\\Routing\\Router->runRoute()
#35 /www/wwwroot/salutbagansiapiapi.com/Universitas_Terbuka/vendor/laravel/framework/src/Illuminate/Routing/Router.php(739): Illuminate\\Routing\\Router->dispatchToRoute()
#36 /www/wwwroot/salutbagansiapiapi.com/Universitas_Terbuka/vendor/laravel/framework/src/Illuminate/Foundation/Http/Kernel.php(201): Illuminate\\Routing\\Router->dispatch()
#37 /www/wwwroot/salutbagansiapiapi.com/Universitas_Terbuka/vendor/laravel/framework/src/Illuminate/Pipeline/Pipeline.php(170): Illuminate\\Foundation\\Http\\Kernel->Illuminate\\Foundation\\Http\\{closure}()
#38 /www/wwwroot/salutbagansiapiapi.com/Universitas_Terbuka/vendor/laravel/framework/src/Illuminate/Foundation/Http/Middleware/TransformsRequest.php(21): Illuminate\\Pipeline\\Pipeline->Illuminate\\Pipeline\\{closure}()
#39 /www/wwwroot/salutbagansiapiapi.com/Universitas_Terbuka/vendor/laravel/framework/src/Illuminate/Foundation/Http/Middleware/ConvertEmptyStringsToNull.php(31): Illuminate\\Foundation\\Http\\Middleware\\TransformsRequest->handle()
#40 /www/wwwroot/salutbagansiapiapi.com/Universitas_Terbuka/vendor/laravel/framework/src/Illuminate/Pipeline/Pipeline.php(209): Illuminate\\Foundation\\Http\\Middleware\\ConvertEmptyStringsToNull->handle()
#41 /www/wwwroot/salutbagansiapiapi.com/Universitas_Terbuka/vendor/laravel/framework/src/Illuminate/Foundation/Http/Middleware/TransformsRequest.php(21): Illuminate\\Pipeline\\Pipeline->Illuminate\\Pipeline\\{closure}()
#42 /www/wwwroot/salutbagansiapiapi.com/Universitas_Terbuka/vendor/laravel/framework/src/Illuminate/Foundation/Http/Middleware/TrimStrings.php(51): Illuminate\\Foundation\\Http\\Middleware\\TransformsRequest->handle()
#43 /www/wwwroot/salutbagansiapiapi.com/Universitas_Terbuka/vendor/laravel/framework/src/Illuminate/Pipeline/Pipeline.php(209): Illuminate\\Foundation\\Http\\Middleware\\TrimStrings->handle()
#44 /www/wwwroot/salutbagansiapiapi.com/Universitas_Terbuka/vendor/laravel/framework/src/Illuminate/Http/Middleware/ValidatePostSize.php(27): Illuminate\\Pipeline\\Pipeline->Illuminate\\Pipeline\\{closure}()
#45 /www/wwwroot/salutbagansiapiapi.com/Universitas_Terbuka/vendor/laravel/framework/src/Illuminate/Pipeline/Pipeline.php(209): Illuminate\\Http\\Middleware\\ValidatePostSize->handle()
#46 /www/wwwroot/salutbagansiapiapi.com/Universitas_Terbuka/vendor/laravel/framework/src/Illuminate/Foundation/Http/Middleware/PreventRequestsDuringMaintenance.php(110): Illuminate\\Pipeline\\Pipeline->Illuminate\\Pipeline\\{closure}()
#47 /www/wwwroot/salutbagansiapiapi.com/Universitas_Terbuka/vendor/laravel/framework/src/Illuminate/Pipeline/Pipeline.php(209): Illuminate\\Foundation\\Http\\Middleware\\PreventRequestsDuringMaintenance->handle()
#48 /www/wwwroot/salutbagansiapiapi.com/Universitas_Terbuka/vendor/laravel/framework/src/Illuminate/Http/Middleware/HandleCors.php(49): Illuminate\\Pipeline\\Pipeline->Illuminate\\Pipeline\\{closure}()
#49 /www/wwwroot/salutbagansiapiapi.com/Universitas_Terbuka/vendor/laravel/framework/src/Illuminate/Pipeline/Pipeline.php(209): Illuminate\\Http\\Middleware\\HandleCors->handle()
#50 /www/wwwroot/salutbagansiapiapi.com/Universitas_Terbuka/vendor/laravel/framework/src/Illuminate/Http/Middleware/TrustProxies.php(58): Illuminate\\Pipeline\\Pipeline->Illuminate\\Pipeline\\{closure}()
#51 /www/wwwroot/salutbagansiapiapi.com/Universitas_Terbuka/vendor/laravel/framework/src/Illuminate/Pipeline/Pipeline.php(209): Illuminate\\Http\\Middleware\\TrustProxies->handle()
#52 /www/wwwroot/salutbagansiapiapi.com/Universitas_Terbuka/vendor/laravel/framework/src/Illuminate/Foundation/Http/Middleware/InvokeDeferredCallbacks.php(22): Illuminate\\Pipeline\\Pipeline->Illuminate\\Pipeline\\{closure}()
#53 /www/wwwroot/salutbagansiapiapi.com/Universitas_Terbuka/vendor/laravel/framework/src/Illuminate/Pipeline/Pipeline.php(209): Illuminate\\Foundation\\Http\\Middleware\\InvokeDeferredCallbacks->handle()
#54 /www/wwwroot/salutbagansiapiapi.com/Universitas_Terbuka/vendor/laravel/framework/src/Illuminate/Pipeline/Pipeline.php(127): Illuminate\\Pipeline\\Pipeline->Illuminate\\Pipeline\\{closure}()
#55 /www/wwwroot/salutbagansiapiapi.com/Universitas_Terbuka/vendor/laravel/framework/src/Illuminate/Foundation/Http/Kernel.php(176): Illuminate\\Pipeline\\Pipeline->then()
#56 /www/wwwroot/salutbagansiapiapi.com/Universitas_Terbuka/vendor/laravel/framework/src/Illuminate/Foundation/Http/Kernel.php(145): Illuminate\\Foundation\\Http\\Kernel->sendRequestThroughRouter()
#57 /www/wwwroot/salutbagansiapiapi.com/Universitas_Terbuka/vendor/laravel/framework/src/Illuminate/Foundation/Application.php(1216): Illuminate\\Foundation\\Http\\Kernel->handle()
#58 /www/wwwroot/salutbagansiapiapi.com/Universitas_Terbuka/public/index.php(17): Illuminate\\Foundation\\Application->handleRequest()
#59 {main}

[previous exception] [object] (PDOException(code: 1045): SQLSTATE[HY000] [1045] Access denied for user 'root'@'localhost' (using password: NO) at /www/wwwroot/salutbagansiapiapi.com/Universitas_Terbuka/vendor/laravel/framework/src/Illuminate/Database/Connectors/Connector.php:66)
[stacktrace]
#0 /www/wwwroot/salutbagansiapiapi.com/Universitas_Terbuka/vendor/laravel/framework/src/Illuminate/Database/Connectors/Connector.php(66): PDO->__construct()
#1 /www/wwwroot/salutbagansiapiapi.com/Universitas_Terbuka/vendor/laravel/framework/src/Illuminate/Database/Connectors/Connector.php(44): Illuminate\\Database\\Connectors\\Connector->createPdoConnection()
#2 /www/wwwroot/salutbagansiapiapi.com/Universitas_Terbuka/vendor/laravel/framework/src/Illuminate/Database/Connectors/MySqlConnector.php(24): Illuminate\\Database\\Connectors\\Connector->createConnection()
#3 /www/wwwroot/salutbagansiapiapi.com/Universitas_Terbuka/vendor/laravel/framework/src/Illuminate/Database/Connectors/ConnectionFactory.php(185): Illuminate\\Database\\Connectors\\MySqlConnector->connect()
#4 [internal function]: Illuminate\\Database\\Connectors\\ConnectionFactory->Illuminate\\Database\\Connectors\\{closure}()
#5 /www/wwwroot/salutbagansiapiapi.com/Universitas_Terbuka/vendor/laravel/framework/src/Illuminate/Database/Connection.php(1231): call_user_func()
#6 /www/wwwroot/salutbagansiapiapi.com/Universitas_Terbuka/vendor/laravel/framework/src/Illuminate/Database/Connection.php(1267): Illuminate\\Database\\Connection->getPdo()
#7 /www/wwwroot/salutbagansiapiapi.com/Universitas_Terbuka/vendor/laravel/framework/src/Illuminate/Database/Connection.php(512): Illuminate\\Database\\Connection->getReadPdo()
#8 /www/wwwroot/salutbagansiapiapi.com/Universitas_Terbuka/vendor/laravel/framework/src/Illuminate/Database/Connection.php(407): Illuminate\\Database\\Connection->getPdoForSelect()
#9 /www/wwwroot/salutbagansiapiapi.com/Universitas_Terbuka/vendor/laravel/framework/src/Illuminate/Database/Connection.php(812): Illuminate\\Database\\Connection->Illuminate\\Database\\{closure}()
#10 /www/wwwroot/salutbagansiapiapi.com/Universitas_Terbuka/vendor/laravel/framework/src/Illuminate/Database/Connection.php(779): Illuminate\\Database\\Connection->runQueryCallback()
#11 /www/wwwroot/salutbagansiapiapi.com/Universitas_Terbuka/vendor/laravel/framework/src/Illuminate/Database/Connection.php(398): Illuminate\\Database\\Connection->run()
#12 /www/wwwroot/salutbagansiapiapi.com/Universitas_Terbuka/vendor/laravel/framework/src/Illuminate/Database/Query/Builder.php(3133): Illuminate\\Database\\Connection->select()
#13 /www/wwwroot/salutbagansiapiapi.com/Universitas_Terbuka/vendor/laravel/framework/src/Illuminate/Database/Query/Builder.php(3118): Illuminate\\Database\\Query\\Builder->runSelect()
#14 /www/wwwroot/salutbagansiapiapi.com/Universitas_Terbuka/vendor/laravel/framework/src/Illuminate/Database/Query/Builder.php(3706): Illuminate\\Database\\Query\\Builder->Illuminate\\Database\\Query\\{closure}()
#15 /www/wwwroot/salutbagansiapiapi.com/Universitas_Terbuka/vendor/laravel/framework/src/Illuminate/Database/Query/Builder.php(3117): Illuminate\\Database\\Query\\Builder->onceWithColumns()
#16 /www/wwwroot/salutbagansiapiapi.com/Universitas_Terbuka/vendor/laravel/framework/src/Illuminate/Database/Query/Builder.php(3633): Illuminate\\Database\\Query\\Builder->get()
#17 /www/wwwroot/salutbagansiapiapi.com/Universitas_Terbuka/vendor/laravel/framework/src/Illuminate/Database/Query/Builder.php(3561): Illuminate\\Database\\Query\\Builder->aggregate()
#18 /www/wwwroot/salutbagansiapiapi.com/Universitas_Terbuka/vendor/laravel/framework/src/Illuminate/Database/Eloquent/Builder.php(2099): Illuminate\\Database\\Query\\Builder->count()
#19 /www/wwwroot/salutbagansiapiapi.com/Universitas_Terbuka/vendor/laravel/framework/src/Illuminate/Support/Traits/ForwardsCalls.php(23): Illuminate\\Database\\Eloquent\\Builder->__call()
#20 /www/wwwroot/salutbagansiapiapi.com/Universitas_Terbuka/vendor/laravel/framework/src/Illuminate/Database/Eloquent/Model.php(2368): Illuminate\\Database\\Eloquent\\Model->forwardCallTo()
#21 /www/wwwroot/salutbagansiapiapi.com/Universitas_Terbuka/vendor/laravel/framework/src/Illuminate/Database/Eloquent/Model.php(2380): Illuminate\\Database\\Eloquent\\Model->__call()
#22 /www/wwwroot/salutbagansiapiapi.com/Universitas_Terbuka/app/Http/Controllers/LandingController.php(16): Illuminate\\Database\\Eloquent\\Model::__callStatic()
#23 /www/wwwroot/salutbagansiapiapi.com/Universitas_Terbuka/vendor/laravel/framework/src/Illuminate/Routing/ControllerDispatcher.php(47): App\\Http\\Controllers\\LandingController->index()
#24 /www/wwwroot/salutbagansiapiapi.com/Universitas_Terbuka/vendor/laravel/framework/src/Illuminate/Routing/Route.php(266): Illuminate\\Routing\\ControllerDispatcher->dispatch()
#25 /www/wwwroot/salutbagansiapiapi.com/Universitas_Terbuka/vendor/laravel/framework/src/Illuminate/Routing/Route.php(212): Illuminate\\Routing\\Route->runController()
#26 /www/wwwroot/salutbagansiapiapi.com/Universitas_Terbuka/vendor/laravel/framework/src/Illuminate/Routing/Router.php(808): Illuminate\\Routing\\Route->run()
#27 /www/wwwroot/salutbagansiapiapi.com/Universitas_Terbuka/vendor/laravel/framework/src/Illuminate/Pipeline/Pipeline.php(170): Illuminate\\Routing\\Router->Illuminate\\Routing\\{closure}()
#28 /www/wwwroot/salutbagansiapiapi.com/Universitas_Terbuka/vendor/laravel/framework/src/Illuminate/Routing/Middleware/SubstituteBindings.php(51): Illuminate\\Pipeline\\Pipeline->Illuminate\\Pipeline\\{closure}()
#29 /www/wwwroot/salutbagansiapiapi.com/Universitas_Terbuka/vendor/laravel/framework/src/Illuminate/Pipeline/Pipeline.php(209): Illuminate\\Routing\\Middleware\\SubstituteBindings->handle()
#30 /www/wwwroot/salutbagansiapiapi.com/Universitas_Terbuka/vendor/laravel/framework/src/Illuminate/Foundation/Http/Middleware/VerifyCsrfToken.php(88): Illuminate\\Pipeline\\Pipeline->Illuminate\\Pipeline\\{closure}()
#31 /www/wwwroot/salutbagansiapiapi.com/Universitas_Terbuka/vendor/laravel/framework/src/Illuminate/Pipeline/Pipeline.php(209): Illuminate\\Foundation\\Http\\Middleware\\VerifyCsrfToken->handle()
#32 /www/wwwroot/salutbagansiapiapi.com/Universitas_Terbuka/vendor/laravel/framework/src/Illuminate/View/Middleware/ShareErrorsFromSession.php(49): Illuminate\\Pipeline\\Pipeline->Illuminate\\Pipeline\\{closure}()
#33 /www/wwwroot/salutbagansiapiapi.com/Universitas_Terbuka/vendor/laravel/framework/src/Illuminate/Pipeline/Pipeline.php(209): Illuminate\\View\\Middleware\\ShareErrorsFromSession->handle()
#34 /www/wwwroot/salutbagansiapiapi.com/Universitas_Terbuka/vendor/laravel/framework/src/Illuminate/Session/Middleware/StartSession.php(121): Illuminate\\Pipeline\\Pipeline->Illuminate\\Pipeline\\{closure}()
#35 /www/wwwroot/salutbagansiapiapi.com/Universitas_Terbuka/vendor/laravel/framework/src/Illuminate/Session/Middleware/StartSession.php(64): Illuminate\\Session\\Middleware\\StartSession->handleStatefulRequest()
#36 /www/wwwroot/salutbagansiapiapi.com/Universitas_Terbuka/vendor/laravel/framework/src/Illuminate/Pipeline/Pipeline.php(209): Illuminate\\Session\\Middleware\\StartSession->handle()
#37 /www/wwwroot/salutbagansiapiapi.com/Universitas_Terbuka/vendor/laravel/framework/src/Illuminate/Cookie/Middleware/AddQueuedCookiesToResponse.php(37): Illuminate\\Pipeline\\Pipeline->Illuminate\\Pipeline\\{closure}()
#38 /www/wwwroot/salutbagansiapiapi.com/Universitas_Terbuka/vendor/laravel/framework/src/Illuminate/Pipeline/Pipeline.php(209): Illuminate\\Cookie\\Middleware\\AddQueuedCookiesToResponse->handle()
#39 /www/wwwroot/salutbagansiapiapi.com/Universitas_Terbuka/vendor/laravel/framework/src/Illuminate/Cookie/Middleware/EncryptCookies.php(75): Illuminate\\Pipeline\\Pipeline->Illuminate\\Pipeline\\{closure}()
#40 /www/wwwroot/salutbagansiapiapi.com/Universitas_Terbuka/vendor/laravel/framework/src/Illuminate/Pipeline/Pipeline.php(209): Illuminate\\Cookie\\Middleware\\EncryptCookies->handle()
#41 /www/wwwroot/salutbagansiapiapi.com/Universitas_Terbuka/vendor/laravel/framework/src/Illuminate/Pipeline/Pipeline.php(127): Illuminate\\Pipeline\\Pipeline->Illuminate\\Pipeline\\{closure}()
#42 /www/wwwroot/salutbagansiapiapi.com/Universitas_Terbuka/vendor/laravel/framework/src/Illuminate/Routing/Router.php(807): Illuminate\\Pipeline\\Pipeline->then()
#43 /www/wwwroot/salutbagansiapiapi.com/Universitas_Terbuka/vendor/laravel/framework/src/Illuminate/Routing/Router.php(786): Illuminate\\Routing\\Router->runRouteWithinStack()
#44 /www/wwwroot/salutbagansiapiapi.com/Universitas_Terbuka/vendor/laravel/framework/src/Illuminate/Routing/Router.php(750): Illuminate\\Routing\\Router->runRoute()
#45 /www/wwwroot/salutbagansiapiapi.com/Universitas_Terbuka/vendor/laravel/framework/src/Illuminate/Routing/Router.php(739): Illuminate\\Routing\\Router->dispatchToRoute()
#46 /www/wwwroot/salutbagansiapiapi.com/Universitas_Terbuka/vendor/laravel/framework/src/Illuminate/Foundation/Http/Kernel.php(201): Illuminate\\Routing\\Router->dispatch()
#47 /www/wwwroot/salutbagansiapiapi.com/Universitas_Terbuka/vendor/laravel/framework/src/Illuminate/Pipeline/Pipeline.php(170): Illuminate\\Foundation\\Http\\Kernel->Illuminate\\Foundation\\Http\\{closure}()
#48 /www/wwwroot/salutbagansiapiapi.com/Universitas_Terbuka/vendor/laravel/framework/src/Illuminate/Foundation/Http/Middleware/TransformsRequest.php(21): Illuminate\\Pipeline\\Pipeline->Illuminate\\Pipeline\\{closure}()
#49 /www/wwwroot/salutbagansiapiapi.com/Universitas_Terbuka/vendor/laravel/framework/src/Illuminate/Foundation/Http/Middleware/ConvertEmptyStringsToNull.php(31): Illuminate\\Foundation\\Http\\Middleware\\TransformsRequest->handle()
#50 /www/wwwroot/salutbagansiapiapi.com/Universitas_Terbuka/vendor/laravel/framework/src/Illuminate/Pipeline/Pipeline.php(209): Illuminate\\Foundation\\Http\\Middleware\\ConvertEmptyStringsToNull->handle()
#51 /www/wwwroot/salutbagansiapiapi.com/Universitas_Terbuka/vendor/laravel/framework/src/Illuminate/Foundation/Http/Middleware/TransformsRequest.php(21): Illuminate\\Pipeline\\Pipeline->Illuminate\\Pipeline\\{closure}()
#52 /www/wwwroot/salutbagansiapiapi.com/Universitas_Terbuka/vendor/laravel/framework/src/Illuminate/Foundation/Http/Middleware/TrimStrings.php(51): Illuminate\\Foundation\\Http\\Middleware\\TransformsRequest->handle()
#53 /www/wwwroot/salutbagansiapiapi.com/Universitas_Terbuka/vendor/laravel/framework/src/Illuminate/Pipeline/Pipeline.php(209): Illuminate\\Foundation\\Http\\Middleware\\TrimStrings->handle()
#54 /www/wwwroot/salutbagansiapiapi.com/Universitas_Terbuka/vendor/laravel/framework/src/Illuminate/Http/Middleware/ValidatePostSize.php(27): Illuminate\\Pipeline\\Pipeline->Illuminate\\Pipeline\\{closure}()
#55 /www/wwwroot/salutbagansiapiapi.com/Universitas_Terbuka/vendor/laravel/framework/src/Illuminate/Pipeline/Pipeline.php(209): Illuminate\\Http\\Middleware\\ValidatePostSize->handle()
#56 /www/wwwroot/salutbagansiapiapi.com/Universitas_Terbuka/vendor/laravel/framework/src/Illuminate/Foundation/Http/Middleware/PreventRequestsDuringMaintenance.php(110): Illuminate\\Pipeline\\Pipeline->Illuminate\\Pipeline\\{closure}()
#57 /www/wwwroot/salutbagansiapiapi.com/Universitas_Terbuka/vendor/laravel/framework/src/Illuminate/Pipeline/Pipeline.php(209): Illuminate\\Foundation\\Http\\Middleware\\PreventRequestsDuringMaintenance->handle()
#58 /www/wwwroot/salutbagansiapiapi.com/Universitas_Terbuka/vendor/laravel/framework/src/Illuminate/Http/Middleware/HandleCors.php(49): Illuminate\\Pipeline\\Pipeline->Illuminate\\Pipeline\\{closure}()
#59 /www/wwwroot/salutbagansiapiapi.com/Universitas_Terbuka/vendor/laravel/framework/src/Illuminate/Pipeline/Pipeline.php(209): Illuminate\\Http\\Middleware\\HandleCors->handle()
#60 /www/wwwroot/salutbagansiapiapi.com/Universitas_Terbuka/vendor/laravel/framework/src/Illuminate/Http/Middleware/TrustProxies.php(58): Illuminate\\Pipeline\\Pipeline->Illuminate\\Pipeline\\{closure}()
#61 /www/wwwroot/salutbagansiapiapi.com/Universitas_Terbuka/vendor/laravel/framework/src/Illuminate/Pipeline/Pipeline.php(209): Illuminate\\Http\\Middleware\\TrustProxies->handle()
#62 /www/wwwroot/salutbagansiapiapi.com/Universitas_Terbuka/vendor/laravel/framework/src/Illuminate/Foundation/Http/Middleware/InvokeDeferredCallbacks.php(22): Illuminate\\Pipeline\\Pipeline->Illuminate\\Pipeline\\{closure}()
#63 /www/wwwroot/salutbagansiapiapi.com/Universitas_Terbuka/vendor/laravel/framework/src/Illuminate/Pipeline/Pipeline.php(209): Illuminate\\Foundation\\Http\\Middleware\\InvokeDeferredCallbacks->handle()
#64 /www/wwwroot/salutbagansiapiapi.com/Universitas_Terbuka/vendor/laravel/framework/src/Illuminate/Pipeline/Pipeline.php(127): Illuminate\\Pipeline\\Pipeline->Illuminate\\Pipeline\\{closure}()
#65 /www/wwwroot/salutbagansiapiapi.com/Universitas_Terbuka/vendor/laravel/framework/src/Illuminate/Foundation/Http/Kernel.php(176): Illuminate\\Pipeline\\Pipeline->then()
#66 /www/wwwroot/salutbagansiapiapi.com/Universitas_Terbuka/vendor/laravel/framework/src/Illuminate/Foundation/Http/Kernel.php(145): Illuminate\\Foundation\\Http\\Kernel->sendRequestThroughRouter()
#67 /www/wwwroot/salutbagansiapiapi.com/Universitas_Terbuka/vendor/laravel/framework/src/Illuminate/Foundation/Application.php(1216): Illuminate\\Foundation\\Http\\Kernel->handle()
#68 /www/wwwroot/salutbagansiapiapi.com/Universitas_Terbuka/public/index.php(17): Illuminate\\Foundation\\Application->handleRequest()
#69 {main}
"} 
[2025-10-19 08:55:22] local.ERROR: file_put_contents(D:\Project UT\Universitas_Terbuka\storage\framework/sessions/4Elpd9gtDdnGfzDshuKaWPHF2OR0ORcLXNtoeIW8): Failed to open stream: No such file or directory {"exception":"[object] (ErrorException(code: 0): file_put_contents(D:\\Project UT\\Universitas_Terbuka\\storage\\framework/sessions/4Elpd9gtDdnGfzDshuKaWPHF2OR0ORcLXNtoeIW8): Failed to open stream: No such file or directory at /www/wwwroot/salutbagansiapiapi.com/Universitas_Terbuka/vendor/laravel/framework/src/Illuminate/Filesystem/Filesystem.php:204)
[stacktrace]
#0 /www/wwwroot/salutbagansiapiapi.com/Universitas_Terbuka/vendor/laravel/framework/src/Illuminate/Foundation/Bootstrap/HandleExceptions.php(256): Illuminate\\Foundation\\Bootstrap\\HandleExceptions->handleError()
#1 [internal function]: Illuminate\\Foundation\\Bootstrap\\HandleExceptions->Illuminate\\Foundation\\Bootstrap\\{closure}()
#2 /www/wwwroot/salutbagansiapiapi.com/Universitas_Terbuka/vendor/laravel/framework/src/Illuminate/Filesystem/Filesystem.php(204): file_put_contents()
#3 /www/wwwroot/salutbagansiapiapi.com/Universitas_Terbuka/vendor/laravel/framework/src/Illuminate/Session/FileSessionHandler.php(90): Illuminate\\Filesystem\\Filesystem->put()
#4 /www/wwwroot/salutbagansiapiapi.com/Universitas_Terbuka/vendor/laravel/framework/src/Illuminate/Session/Store.php(176): Illuminate\\Session\\FileSessionHandler->write()
#5 /www/wwwroot/salutbagansiapiapi.com/Universitas_Terbuka/vendor/laravel/framework/src/Illuminate/Session/Middleware/StartSession.php(245): Illuminate\\Session\\Store->save()
#6 /www/wwwroot/salutbagansiapiapi.com/Universitas_Terbuka/vendor/laravel/framework/src/Illuminate/Session/Middleware/StartSession.php(130): Illuminate\\Session\\Middleware\\StartSession->saveSession()
#7 /www/wwwroot/salutbagansiapiapi.com/Universitas_Terbuka/vendor/laravel/framework/src/Illuminate/Session/Middleware/StartSession.php(64): Illuminate\\Session\\Middleware\\StartSession->handleStatefulRequest()
#8 /www/wwwroot/salutbagansiapiapi.com/Universitas_Terbuka/vendor/laravel/framework/src/Illuminate/Pipeline/Pipeline.php(209): Illuminate\\Session\\Middleware\\StartSession->handle()
#9 /www/wwwroot/salutbagansiapiapi.com/Universitas_Terbuka/vendor/laravel/framework/src/Illuminate/Cookie/Middleware/AddQueuedCookiesToResponse.php(37): Illuminate\\Pipeline\\Pipeline->Illuminate\\Pipeline\\{closure}()
#10 /www/wwwroot/salutbagansiapiapi.com/Universitas_Terbuka/vendor/laravel/framework/src/Illuminate/Pipeline/Pipeline.php(209): Illuminate\\Cookie\\Middleware\\AddQueuedCookiesToResponse->handle()
#11 /www/wwwroot/salutbagansiapiapi.com/Universitas_Terbuka/vendor/laravel/framework/src/Illuminate/Cookie/Middleware/EncryptCookies.php(75): Illuminate\\Pipeline\\Pipeline->Illuminate\\Pipeline\\{closure}()
#12 /www/wwwroot/salutbagansiapiapi.com/Universitas_Terbuka/vendor/laravel/framework/src/Illuminate/Pipeline/Pipeline.php(209): Illuminate\\Cookie\\Middleware\\EncryptCookies->handle()
#13 /www/wwwroot/salutbagansiapiapi.com/Universitas_Terbuka/vendor/laravel/framework/src/Illuminate/Pipeline/Pipeline.php(127): Illuminate\\Pipeline\\Pipeline->Illuminate\\Pipeline\\{closure}()
#14 /www/wwwroot/salutbagansiapiapi.com/Universitas_Terbuka/vendor/laravel/framework/src/Illuminate/Routing/Router.php(807): Illuminate\\Pipeline\\Pipeline->then()
#15 /www/wwwroot/salutbagansiapiapi.com/Universitas_Terbuka/vendor/laravel/framework/src/Illuminate/Routing/Router.php(786): Illuminate\\Routing\\Router->runRouteWithinStack()
#16 /www/wwwroot/salutbagansiapiapi.com/Universitas_Terbuka/vendor/laravel/framework/src/Illuminate/Routing/Router.php(750): Illuminate\\Routing\\Router->runRoute()
#17 /www/wwwroot/salutbagansiapiapi.com/Universitas_Terbuka/vendor/laravel/framework/src/Illuminate/Routing/Router.php(739): Illuminate\\Routing\\Router->dispatchToRoute()
#18 /www/wwwroot/salutbagansiapiapi.com/Universitas_Terbuka/vendor/laravel/framework/src/Illuminate/Foundation/Http/Kernel.php(201): Illuminate\\Routing\\Router->dispatch()
#19 /www/wwwroot/salutbagansiapiapi.com/Universitas_Terbuka/vendor/laravel/framework/src/Illuminate/Pipeline/Pipeline.php(170): Illuminate\\Foundation\\Http\\Kernel->Illuminate\\Foundation\\Http\\{closure}()
#20 /www/wwwroot/salutbagansiapiapi.com/Universitas_Terbuka/vendor/laravel/framework/src/Illuminate/Foundation/Http/Middleware/TransformsRequest.php(21): Illuminate\\Pipeline\\Pipeline->Illuminate\\Pipeline\\{closure}()
#21 /www/wwwroot/salutbagansiapiapi.com/Universitas_Terbuka/vendor/laravel/framework/src/Illuminate/Foundation/Http/Middleware/ConvertEmptyStringsToNull.php(31): Illuminate\\Foundation\\Http\\Middleware\\TransformsRequest->handle()
#22 /www/wwwroot/salutbagansiapiapi.com/Universitas_Terbuka/vendor/laravel/framework/src/Illuminate/Pipeline/Pipeline.php(209): Illuminate\\Foundation\\Http\\Middleware\\ConvertEmptyStringsToNull->handle()
#23 /www/wwwroot/salutbagansiapiapi.com/Universitas_Terbuka/vendor/laravel/framework/src/Illuminate/Foundation/Http/Middleware/TransformsRequest.php(21): Illuminate\\Pipeline\\Pipeline->Illuminate\\Pipeline\\{closure}()
#24 /www/wwwroot/salutbagansiapiapi.com/Universitas_Terbuka/vendor/laravel/framework/src/Illuminate/Foundation/Http/Middleware/TrimStrings.php(51): Illuminate\\Foundation\\Http\\Middleware\\TransformsRequest->handle()
#25 /www/wwwroot/salutbagansiapiapi.com/Universitas_Terbuka/vendor/laravel/framework/src/Illuminate/Pipeline/Pipeline.php(209): Illuminate\\Foundation\\Http\\Middleware\\TrimStrings->handle()
#26 /www/wwwroot/salutbagansiapiapi.com/Universitas_Terbuka/vendor/laravel/framework/src/Illuminate/Http/Middleware/ValidatePostSize.php(27): Illuminate\\Pipeline\\Pipeline->Illuminate\\Pipeline\\{closure}()
#27 /www/wwwroot/salutbagansiapiapi.com/Universitas_Terbuka/vendor/laravel/framework/src/Illuminate/Pipeline/Pipeline.php(209): Illuminate\\Http\\Middleware\\ValidatePostSize->handle()
#28 /www/wwwroot/salutbagansiapiapi.com/Universitas_Terbuka/vendor/laravel/framework/src/Illuminate/Foundation/Http/Middleware/PreventRequestsDuringMaintenance.php(110): Illuminate\\Pipeline\\Pipeline->Illuminate\\Pipeline\\{closure}()
#29 /www/wwwroot/salutbagansiapiapi.com/Universitas_Terbuka/vendor/laravel/framework/src/Illuminate/Pipeline/Pipeline.php(209): Illuminate\\Foundation\\Http\\Middleware\\PreventRequestsDuringMaintenance->handle()
#30 /www/wwwroot/salutbagansiapiapi.com/Universitas_Terbuka/vendor/laravel/framework/src/Illuminate/Http/Middleware/HandleCors.php(49): Illuminate\\Pipeline\\Pipeline->Illuminate\\Pipeline\\{closure}()
#31 /www/wwwroot/salutbagansiapiapi.com/Universitas_Terbuka/vendor/laravel/framework/src/Illuminate/Pipeline/Pipeline.php(209): Illuminate\\Http\\Middleware\\HandleCors->handle()
#32 /www/wwwroot/salutbagansiapiapi.com/Universitas_Terbuka/vendor/laravel/framework/src/Illuminate/Http/Middleware/TrustProxies.php(58): Illuminate\\Pipeline\\Pipeline->Illuminate\\Pipeline\\{closure}()
#33 /www/wwwroot/salutbagansiapiapi.com/Universitas_Terbuka/vendor/laravel/framework/src/Illuminate/Pipeline/Pipeline.php(209): Illuminate\\Http\\Middleware\\TrustProxies->handle()
#34 /www/wwwroot/salutbagansiapiapi.com/Universitas_Terbuka/vendor/laravel/framework/src/Illuminate/Foundation/Http/Middleware/InvokeDeferredCallbacks.php(22): Illuminate\\Pipeline\\Pipeline->Illuminate\\Pipeline\\{closure}()
#35 /www/wwwroot/salutbagansiapiapi.com/Universitas_Terbuka/vendor/laravel/framework/src/Illuminate/Pipeline/Pipeline.php(209): Illuminate\\Foundation\\Http\\Middleware\\InvokeDeferredCallbacks->handle()
#36 /www/wwwroot/salutbagansiapiapi.com/Universitas_Terbuka/vendor/laravel/framework/src/Illuminate/Pipeline/Pipeline.php(127): Illuminate\\Pipeline\\Pipeline->Illuminate\\Pipeline\\{closure}()
#37 /www/wwwroot/salutbagansiapiapi.com/Universitas_Terbuka/vendor/laravel/framework/src/Illuminate/Foundation/Http/Kernel.php(176): Illuminate\\Pipeline\\Pipeline->then()
#38 /www/wwwroot/salutbagansiapiapi.com/Universitas_Terbuka/vendor/laravel/framework/src/Illuminate/Foundation/Http/Kernel.php(145): Illuminate\\Foundation\\Http\\Kernel->sendRequestThroughRouter()
#39 /www/wwwroot/salutbagansiapiapi.com/Universitas_Terbuka/vendor/laravel/framework/src/Illuminate/Foundation/Application.php(1216): Illuminate\\Foundation\\Http\\Kernel->handle()
#40 /www/wwwroot/salutbagansiapiapi.com/Universitas_Terbuka/public/index.php(17): Illuminate\\Foundation\\Application->handleRequest()
#41 {main}
"} 
[2025-10-19 08:55:51] local.ERROR: The "D:\Project UT\Universitas_Terbuka\storage\framework/sessions" directory does not exist. {"exception":"[object] (Symfony\\Component\\Finder\\Exception\\DirectoryNotFoundException(code: 0): The \"D:\\Project UT\\Universitas_Terbuka\\storage\\framework/sessions\" directory does not exist. at /www/wwwroot/salutbagansiapiapi.com/Universitas_Terbuka/vendor/symfony/finder/Finder.php:646)
[stacktrace]
#0 /www/wwwroot/salutbagansiapiapi.com/Universitas_Terbuka/vendor/laravel/framework/src/Illuminate/Session/FileSessionHandler.php(115): Symfony\\Component\\Finder\\Finder->in()
#1 /www/wwwroot/salutbagansiapiapi.com/Universitas_Terbuka/vendor/laravel/framework/src/Illuminate/Session/Middleware/StartSession.php(178): Illuminate\\Session\\FileSessionHandler->gc()
#2 /www/wwwroot/salutbagansiapiapi.com/Universitas_Terbuka/vendor/laravel/framework/src/Illuminate/Session/Middleware/StartSession.php(119): Illuminate\\Session\\Middleware\\StartSession->collectGarbage()
#3 /www/wwwroot/salutbagansiapiapi.com/Universitas_Terbuka/vendor/laravel/framework/src/Illuminate/Session/Middleware/StartSession.php(64): Illuminate\\Session\\Middleware\\StartSession->handleStatefulRequest()
#4 /www/wwwroot/salutbagansiapiapi.com/Universitas_Terbuka/vendor/laravel/framework/src/Illuminate/Pipeline/Pipeline.php(209): Illuminate\\Session\\Middleware\\StartSession->handle()
#5 /www/wwwroot/salutbagansiapiapi.com/Universitas_Terbuka/vendor/laravel/framework/src/Illuminate/Cookie/Middleware/AddQueuedCookiesToResponse.php(37): Illuminate\\Pipeline\\Pipeline->Illuminate\\Pipeline\\{closure}()
#6 /www/wwwroot/salutbagansiapiapi.com/Universitas_Terbuka/vendor/laravel/framework/src/Illuminate/Pipeline/Pipeline.php(209): Illuminate\\Cookie\\Middleware\\AddQueuedCookiesToResponse->handle()
#7 /www/wwwroot/salutbagansiapiapi.com/Universitas_Terbuka/vendor/laravel/framework/src/Illuminate/Cookie/Middleware/EncryptCookies.php(75): Illuminate\\Pipeline\\Pipeline->Illuminate\\Pipeline\\{closure}()
#8 /www/wwwroot/salutbagansiapiapi.com/Universitas_Terbuka/vendor/laravel/framework/src/Illuminate/Pipeline/Pipeline.php(209): Illuminate\\Cookie\\Middleware\\EncryptCookies->handle()
#9 /www/wwwroot/salutbagansiapiapi.com/Universitas_Terbuka/vendor/laravel/framework/src/Illuminate/Pipeline/Pipeline.php(127): Illuminate\\Pipeline\\Pipeline->Illuminate\\Pipeline\\{closure}()
#10 /www/wwwroot/salutbagansiapiapi.com/Universitas_Terbuka/vendor/laravel/framework/src/Illuminate/Routing/Router.php(807): Illuminate\\Pipeline\\Pipeline->then()
#11 /www/wwwroot/salutbagansiapiapi.com/Universitas_Terbuka/vendor/laravel/framework/src/Illuminate/Routing/Router.php(786): Illuminate\\Routing\\Router->runRouteWithinStack()
#12 /www/wwwroot/salutbagansiapiapi.com/Universitas_Terbuka/vendor/laravel/framework/src/Illuminate/Routing/Router.php(750): Illuminate\\Routing\\Router->runRoute()
#13 /www/wwwroot/salutbagansiapiapi.com/Universitas_Terbuka/vendor/laravel/framework/src/Illuminate/Routing/Router.php(739): Illuminate\\Routing\\Router->dispatchToRoute()
#14 /www/wwwroot/salutbagansiapiapi.com/Universitas_Terbuka/vendor/laravel/framework/src/Illuminate/Foundation/Http/Kernel.php(201): Illuminate\\Routing\\Router->dispatch()
#15 /www/wwwroot/salutbagansiapiapi.com/Universitas_Terbuka/vendor/laravel/framework/src/Illuminate/Pipeline/Pipeline.php(170): Illuminate\\Foundation\\Http\\Kernel->Illuminate\\Foundation\\Http\\{closure}()
#16 /www/wwwroot/salutbagansiapiapi.com/Universitas_Terbuka/vendor/laravel/framework/src/Illuminate/Foundation/Http/Middleware/TransformsRequest.php(21): Illuminate\\Pipeline\\Pipeline->Illuminate\\Pipeline\\{closure}()
#17 /www/wwwroot/salutbagansiapiapi.com/Universitas_Terbuka/vendor/laravel/framework/src/Illuminate/Foundation/Http/Middleware/ConvertEmptyStringsToNull.php(31): Illuminate\\Foundation\\Http\\Middleware\\TransformsRequest->handle()
#18 /www/wwwroot/salutbagansiapiapi.com/Universitas_Terbuka/vendor/laravel/framework/src/Illuminate/Pipeline/Pipeline.php(209): Illuminate\\Foundation\\Http\\Middleware\\ConvertEmptyStringsToNull->handle()
#19 /www/wwwroot/salutbagansiapiapi.com/Universitas_Terbuka/vendor/laravel/framework/src/Illuminate/Foundation/Http/Middleware/TransformsRequest.php(21): Illuminate\\Pipeline\\Pipeline->Illuminate\\Pipeline\\{closure}()
#20 /www/wwwroot/salutbagansiapiapi.com/Universitas_Terbuka/vendor/laravel/framework/src/Illuminate/Foundation/Http/Middleware/TrimStrings.php(51): Illuminate\\Foundation\\Http\\Middleware\\TransformsRequest->handle()
#21 /www/wwwroot/salutbagansiapiapi.com/Universitas_Terbuka/vendor/laravel/framework/src/Illuminate/Pipeline/Pipeline.php(209): Illuminate\\Foundation\\Http\\Middleware\\TrimStrings->handle()
#22 /www/wwwroot/salutbagansiapiapi.com/Universitas_Terbuka/vendor/laravel/framework/src/Illuminate/Http/Middleware/ValidatePostSize.php(27): Illuminate\\Pipeline\\Pipeline->Illuminate\\Pipeline\\{closure}()
#23 /www/wwwroot/salutbagansiapiapi.com/Universitas_Terbuka/vendor/laravel/framework/src/Illuminate/Pipeline/Pipeline.php(209): Illuminate\\Http\\Middleware\\ValidatePostSize->handle()
#24 /www/wwwroot/salutbagansiapiapi.com/Universitas_Terbuka/vendor/laravel/framework/src/Illuminate/Foundation/Http/Middleware/PreventRequestsDuringMaintenance.php(110): Illuminate\\Pipeline\\Pipeline->Illuminate\\Pipeline\\{closure}()
#25 /www/wwwroot/salutbagansiapiapi.com/Universitas_Terbuka/vendor/laravel/framework/src/Illuminate/Pipeline/Pipeline.php(209): Illuminate\\Foundation\\Http\\Middleware\\PreventRequestsDuringMaintenance->handle()
#26 /www/wwwroot/salutbagansiapiapi.com/Universitas_Terbuka/vendor/laravel/framework/src/Illuminate/Http/Middleware/HandleCors.php(49): Illuminate\\Pipeline\\Pipeline->Illuminate\\Pipeline\\{closure}()
#27 /www/wwwroot/salutbagansiapiapi.com/Universitas_Terbuka/vendor/laravel/framework/src/Illuminate/Pipeline/Pipeline.php(209): Illuminate\\Http\\Middleware\\HandleCors->handle()
#28 /www/wwwroot/salutbagansiapiapi.com/Universitas_Terbuka/vendor/laravel/framework/src/Illuminate/Http/Middleware/TrustProxies.php(58): Illuminate\\Pipeline\\Pipeline->Illuminate\\Pipeline\\{closure}()
#29 /www/wwwroot/salutbagansiapiapi.com/Universitas_Terbuka/vendor/laravel/framework/src/Illuminate/Pipeline/Pipeline.php(209): Illuminate\\Http\\Middleware\\TrustProxies->handle()
#30 /www/wwwroot/salutbagansiapiapi.com/Universitas_Terbuka/vendor/laravel/framework/src/Illuminate/Foundation/Http/Middleware/InvokeDeferredCallbacks.php(22): Illuminate\\Pipeline\\Pipeline->Illuminate\\Pipeline\\{closure}()
#31 /www/wwwroot/salutbagansiapiapi.com/Universitas_Terbuka/vendor/laravel/framework/src/Illuminate/Pipeline/Pipeline.php(209): Illuminate\\Foundation\\Http\\Middleware\\InvokeDeferredCallbacks->handle()
#32 /www/wwwroot/salutbagansiapiapi.com/Universitas_Terbuka/vendor/laravel/framework/src/Illuminate/Pipeline/Pipeline.php(127): Illuminate\\Pipeline\\Pipeline->Illuminate\\Pipeline\\{closure}()
#33 /www/wwwroot/salutbagansiapiapi.com/Universitas_Terbuka/vendor/laravel/framework/src/Illuminate/Foundation/Http/Kernel.php(176): Illuminate\\Pipeline\\Pipeline->then()
#34 /www/wwwroot/salutbagansiapiapi.com/Universitas_Terbuka/vendor/laravel/framework/src/Illuminate/Foundation/Http/Kernel.php(145): Illuminate\\Foundation\\Http\\Kernel->sendRequestThroughRouter()
#35 /www/wwwroot/salutbagansiapiapi.com/Universitas_Terbuka/vendor/laravel/framework/src/Illuminate/Foundation/Application.php(1216): Illuminate\\Foundation\\Http\\Kernel->handle()
#36 /www/wwwroot/salutbagansiapiapi.com/Universitas_Terbuka/public/index.php(17): Illuminate\\Foundation\\Application->handleRequest()
#37 {main}
"} 
[2025-10-19 08:57:29] local.ERROR: SQLSTATE[HY000] [1045] Access denied for user 'root'@'localhost' (using password: NO) (Connection: mysql, SQL: select count(*) as aggregate from `fakultas`) {"exception":"[object] (Illuminate\\Database\\QueryException(code: 1045): SQLSTATE[HY000] [1045] Access denied for user 'root'@'localhost' (using password: NO) (Connection: mysql, SQL: select count(*) as aggregate from `fakultas`) at /www/wwwroot/salutbagansiapiapi.com/Universitas_Terbuka/vendor/laravel/framework/src/Illuminate/Database/Connection.php:825)
[stacktrace]
#0 /www/wwwroot/salutbagansiapiapi.com/Universitas_Terbuka/vendor/laravel/framework/src/Illuminate/Database/Connection.php(779): Illuminate\\Database\\Connection->runQueryCallback()
#1 /www/wwwroot/salutbagansiapiapi.com/Universitas_Terbuka/vendor/laravel/framework/src/Illuminate/Database/Connection.php(398): Illuminate\\Database\\Connection->run()
#2 /www/wwwroot/salutbagansiapiapi.com/Universitas_Terbuka/vendor/laravel/framework/src/Illuminate/Database/Query/Builder.php(3133): Illuminate\\Database\\Connection->select()
#3 /www/wwwroot/salutbagansiapiapi.com/Universitas_Terbuka/vendor/laravel/framework/src/Illuminate/Database/Query/Builder.php(3118): Illuminate\\Database\\Query\\Builder->runSelect()
#4 /www/wwwroot/salutbagansiapiapi.com/Universitas_Terbuka/vendor/laravel/framework/src/Illuminate/Database/Query/Builder.php(3706): Illuminate\\Database\\Query\\Builder->Illuminate\\Database\\Query\\{closure}()
#5 /www/wwwroot/salutbagansiapiapi.com/Universitas_Terbuka/vendor/laravel/framework/src/Illuminate/Database/Query/Builder.php(3117): Illuminate\\Database\\Query\\Builder->onceWithColumns()
#6 /www/wwwroot/salutbagansiapiapi.com/Universitas_Terbuka/vendor/laravel/framework/src/Illuminate/Database/Query/Builder.php(3633): Illuminate\\Database\\Query\\Builder->get()
#7 /www/wwwroot/salutbagansiapiapi.com/Universitas_Terbuka/vendor/laravel/framework/src/Illuminate/Database/Query/Builder.php(3561): Illuminate\\Database\\Query\\Builder->aggregate()
#8 /www/wwwroot/salutbagansiapiapi.com/Universitas_Terbuka/vendor/laravel/framework/src/Illuminate/Database/Eloquent/Builder.php(2099): Illuminate\\Database\\Query\\Builder->count()
#9 /www/wwwroot/salutbagansiapiapi.com/Universitas_Terbuka/vendor/laravel/framework/src/Illuminate/Support/Traits/ForwardsCalls.php(23): Illuminate\\Database\\Eloquent\\Builder->__call()
#10 /www/wwwroot/salutbagansiapiapi.com/Universitas_Terbuka/vendor/laravel/framework/src/Illuminate/Database/Eloquent/Model.php(2368): Illuminate\\Database\\Eloquent\\Model->forwardCallTo()
#11 /www/wwwroot/salutbagansiapiapi.com/Universitas_Terbuka/vendor/laravel/framework/src/Illuminate/Database/Eloquent/Model.php(2380): Illuminate\\Database\\Eloquent\\Model->__call()
#12 /www/wwwroot/salutbagansiapiapi.com/Universitas_Terbuka/app/Http/Controllers/LandingController.php(16): Illuminate\\Database\\Eloquent\\Model::__callStatic()
#13 /www/wwwroot/salutbagansiapiapi.com/Universitas_Terbuka/vendor/laravel/framework/src/Illuminate/Routing/ControllerDispatcher.php(47): App\\Http\\Controllers\\LandingController->index()
#14 /www/wwwroot/salutbagansiapiapi.com/Universitas_Terbuka/vendor/laravel/framework/src/Illuminate/Routing/Route.php(266): Illuminate\\Routing\\ControllerDispatcher->dispatch()
#15 /www/wwwroot/salutbagansiapiapi.com/Universitas_Terbuka/vendor/laravel/framework/src/Illuminate/Routing/Route.php(212): Illuminate\\Routing\\Route->runController()
#16 /www/wwwroot/salutbagansiapiapi.com/Universitas_Terbuka/vendor/laravel/framework/src/Illuminate/Routing/Router.php(808): Illuminate\\Routing\\Route->run()
#17 /www/wwwroot/salutbagansiapiapi.com/Universitas_Terbuka/vendor/laravel/framework/src/Illuminate/Pipeline/Pipeline.php(170): Illuminate\\Routing\\Router->Illuminate\\Routing\\{closure}()
#18 /www/wwwroot/salutbagansiapiapi.com/Universitas_Terbuka/vendor/laravel/framework/src/Illuminate/Routing/Middleware/SubstituteBindings.php(51): Illuminate\\Pipeline\\Pipeline->Illuminate\\Pipeline\\{closure}()
#19 /www/wwwroot/salutbagansiapiapi.com/Universitas_Terbuka/vendor/laravel/framework/src/Illuminate/Pipeline/Pipeline.php(209): Illuminate\\Routing\\Middleware\\SubstituteBindings->handle()
#20 /www/wwwroot/salutbagansiapiapi.com/Universitas_Terbuka/vendor/laravel/framework/src/Illuminate/Foundation/Http/Middleware/VerifyCsrfToken.php(88): Illuminate\\Pipeline\\Pipeline->Illuminate\\Pipeline\\{closure}()
#21 /www/wwwroot/salutbagansiapiapi.com/Universitas_Terbuka/vendor/laravel/framework/src/Illuminate/Pipeline/Pipeline.php(209): Illuminate\\Foundation\\Http\\Middleware\\VerifyCsrfToken->handle()
#22 /www/wwwroot/salutbagansiapiapi.com/Universitas_Terbuka/vendor/laravel/framework/src/Illuminate/View/Middleware/ShareErrorsFromSession.php(49): Illuminate\\Pipeline\\Pipeline->Illuminate\\Pipeline\\{closure}()
#23 /www/wwwroot/salutbagansiapiapi.com/Universitas_Terbuka/vendor/laravel/framework/src/Illuminate/Pipeline/Pipeline.php(209): Illuminate\\View\\Middleware\\ShareErrorsFromSession->handle()
#24 /www/wwwroot/salutbagansiapiapi.com/Universitas_Terbuka/vendor/laravel/framework/src/Illuminate/Session/Middleware/StartSession.php(121): Illuminate\\Pipeline\\Pipeline->Illuminate\\Pipeline\\{closure}()
#25 /www/wwwroot/salutbagansiapiapi.com/Universitas_Terbuka/vendor/laravel/framework/src/Illuminate/Session/Middleware/StartSession.php(64): Illuminate\\Session\\Middleware\\StartSession->handleStatefulRequest()
#26 /www/wwwroot/salutbagansiapiapi.com/Universitas_Terbuka/vendor/laravel/framework/src/Illuminate/Pipeline/Pipeline.php(209): Illuminate\\Session\\Middleware\\StartSession->handle()
#27 /www/wwwroot/salutbagansiapiapi.com/Universitas_Terbuka/vendor/laravel/framework/src/Illuminate/Cookie/Middleware/AddQueuedCookiesToResponse.php(37): Illuminate\\Pipeline\\Pipeline->Illuminate\\Pipeline\\{closure}()
#28 /www/wwwroot/salutbagansiapiapi.com/Universitas_Terbuka/vendor/laravel/framework/src/Illuminate/Pipeline/Pipeline.php(209): Illuminate\\Cookie\\Middleware\\AddQueuedCookiesToResponse->handle()
#29 /www/wwwroot/salutbagansiapiapi.com/Universitas_Terbuka/vendor/laravel/framework/src/Illuminate/Cookie/Middleware/EncryptCookies.php(75): Illuminate\\Pipeline\\Pipeline->Illuminate\\Pipeline\\{closure}()
#30 /www/wwwroot/salutbagansiapiapi.com/Universitas_Terbuka/vendor/laravel/framework/src/Illuminate/Pipeline/Pipeline.php(209): Illuminate\\Cookie\\Middleware\\EncryptCookies->handle()
#31 /www/wwwroot/salutbagansiapiapi.com/Universitas_Terbuka/vendor/laravel/framework/src/Illuminate/Pipeline/Pipeline.php(127): Illuminate\\Pipeline\\Pipeline->Illuminate\\Pipeline\\{closure}()
#32 /www/wwwroot/salutbagansiapiapi.com/Universitas_Terbuka/vendor/laravel/framework/src/Illuminate/Routing/Router.php(807): Illuminate\\Pipeline\\Pipeline->then()
#33 /www/wwwroot/salutbagansiapiapi.com/Universitas_Terbuka/vendor/laravel/framework/src/Illuminate/Routing/Router.php(786): Illuminate\\Routing\\Router->runRouteWithinStack()
#34 /www/wwwroot/salutbagansiapiapi.com/Universitas_Terbuka/vendor/laravel/framework/src/Illuminate/Routing/Router.php(750): Illuminate\\Routing\\Router->runRoute()
#35 /www/wwwroot/salutbagansiapiapi.com/Universitas_Terbuka/vendor/laravel/framework/src/Illuminate/Routing/Router.php(739): Illuminate\\Routing\\Router->dispatchToRoute()
#36 /www/wwwroot/salutbagansiapiapi.com/Universitas_Terbuka/vendor/laravel/framework/src/Illuminate/Foundation/Http/Kernel.php(201): Illuminate\\Routing\\Router->dispatch()
#37 /www/wwwroot/salutbagansiapiapi.com/Universitas_Terbuka/vendor/laravel/framework/src/Illuminate/Pipeline/Pipeline.php(170): Illuminate\\Foundation\\Http\\Kernel->Illuminate\\Foundation\\Http\\{closure}()
#38 /www/wwwroot/salutbagansiapiapi.com/Universitas_Terbuka/vendor/laravel/framework/src/Illuminate/Foundation/Http/Middleware/TransformsRequest.php(21): Illuminate\\Pipeline\\Pipeline->Illuminate\\Pipeline\\{closure}()
#39 /www/wwwroot/salutbagansiapiapi.com/Universitas_Terbuka/vendor/laravel/framework/src/Illuminate/Foundation/Http/Middleware/ConvertEmptyStringsToNull.php(31): Illuminate\\Foundation\\Http\\Middleware\\TransformsRequest->handle()
#40 /www/wwwroot/salutbagansiapiapi.com/Universitas_Terbuka/vendor/laravel/framework/src/Illuminate/Pipeline/Pipeline.php(209): Illuminate\\Foundation\\Http\\Middleware\\ConvertEmptyStringsToNull->handle()
#41 /www/wwwroot/salutbagansiapiapi.com/Universitas_Terbuka/vendor/laravel/framework/src/Illuminate/Foundation/Http/Middleware/TransformsRequest.php(21): Illuminate\\Pipeline\\Pipeline->Illuminate\\Pipeline\\{closure}()
#42 /www/wwwroot/salutbagansiapiapi.com/Universitas_Terbuka/vendor/laravel/framework/src/Illuminate/Foundation/Http/Middleware/TrimStrings.php(51): Illuminate\\Foundation\\Http\\Middleware\\TransformsRequest->handle()
#43 /www/wwwroot/salutbagansiapiapi.com/Universitas_Terbuka/vendor/laravel/framework/src/Illuminate/Pipeline/Pipeline.php(209): Illuminate\\Foundation\\Http\\Middleware\\TrimStrings->handle()
#44 /www/wwwroot/salutbagansiapiapi.com/Universitas_Terbuka/vendor/laravel/framework/src/Illuminate/Http/Middleware/ValidatePostSize.php(27): Illuminate\\Pipeline\\Pipeline->Illuminate\\Pipeline\\{closure}()
#45 /www/wwwroot/salutbagansiapiapi.com/Universitas_Terbuka/vendor/laravel/framework/src/Illuminate/Pipeline/Pipeline.php(209): Illuminate\\Http\\Middleware\\ValidatePostSize->handle()
#46 /www/wwwroot/salutbagansiapiapi.com/Universitas_Terbuka/vendor/laravel/framework/src/Illuminate/Foundation/Http/Middleware/PreventRequestsDuringMaintenance.php(110): Illuminate\\Pipeline\\Pipeline->Illuminate\\Pipeline\\{closure}()
#47 /www/wwwroot/salutbagansiapiapi.com/Universitas_Terbuka/vendor/laravel/framework/src/Illuminate/Pipeline/Pipeline.php(209): Illuminate\\Foundation\\Http\\Middleware\\PreventRequestsDuringMaintenance->handle()
#48 /www/wwwroot/salutbagansiapiapi.com/Universitas_Terbuka/vendor/laravel/framework/src/Illuminate/Http/Middleware/HandleCors.php(49): Illuminate\\Pipeline\\Pipeline->Illuminate\\Pipeline\\{closure}()
#49 /www/wwwroot/salutbagansiapiapi.com/Universitas_Terbuka/vendor/laravel/framework/src/Illuminate/Pipeline/Pipeline.php(209): Illuminate\\Http\\Middleware\\HandleCors->handle()
#50 /www/wwwroot/salutbagansiapiapi.com/Universitas_Terbuka/vendor/laravel/framework/src/Illuminate/Http/Middleware/TrustProxies.php(58): Illuminate\\Pipeline\\Pipeline->Illuminate\\Pipeline\\{closure}()
#51 /www/wwwroot/salutbagansiapiapi.com/Universitas_Terbuka/vendor/laravel/framework/src/Illuminate/Pipeline/Pipeline.php(209): Illuminate\\Http\\Middleware\\TrustProxies->handle()
#52 /www/wwwroot/salutbagansiapiapi.com/Universitas_Terbuka/vendor/laravel/framework/src/Illuminate/Foundation/Http/Middleware/InvokeDeferredCallbacks.php(22): Illuminate\\Pipeline\\Pipeline->Illuminate\\Pipeline\\{closure}()
#53 /www/wwwroot/salutbagansiapiapi.com/Universitas_Terbuka/vendor/laravel/framework/src/Illuminate/Pipeline/Pipeline.php(209): Illuminate\\Foundation\\Http\\Middleware\\InvokeDeferredCallbacks->handle()
#54 /www/wwwroot/salutbagansiapiapi.com/Universitas_Terbuka/vendor/laravel/framework/src/Illuminate/Pipeline/Pipeline.php(127): Illuminate\\Pipeline\\Pipeline->Illuminate\\Pipeline\\{closure}()
#55 /www/wwwroot/salutbagansiapiapi.com/Universitas_Terbuka/vendor/laravel/framework/src/Illuminate/Foundation/Http/Kernel.php(176): Illuminate\\Pipeline\\Pipeline->then()
#56 /www/wwwroot/salutbagansiapiapi.com/Universitas_Terbuka/vendor/laravel/framework/src/Illuminate/Foundation/Http/Kernel.php(145): Illuminate\\Foundation\\Http\\Kernel->sendRequestThroughRouter()
#57 /www/wwwroot/salutbagansiapiapi.com/Universitas_Terbuka/vendor/laravel/framework/src/Illuminate/Foundation/Application.php(1216): Illuminate\\Foundation\\Http\\Kernel->handle()
#58 /www/wwwroot/salutbagansiapiapi.com/Universitas_Terbuka/public/index.php(17): Illuminate\\Foundation\\Application->handleRequest()
#59 {main}

[previous exception] [object] (PDOException(code: 1045): SQLSTATE[HY000] [1045] Access denied for user 'root'@'localhost' (using password: NO) at /www/wwwroot/salutbagansiapiapi.com/Universitas_Terbuka/vendor/laravel/framework/src/Illuminate/Database/Connectors/Connector.php:66)
[stacktrace]
#0 /www/wwwroot/salutbagansiapiapi.com/Universitas_Terbuka/vendor/laravel/framework/src/Illuminate/Database/Connectors/Connector.php(66): PDO->__construct()
#1 /www/wwwroot/salutbagansiapiapi.com/Universitas_Terbuka/vendor/laravel/framework/src/Illuminate/Database/Connectors/Connector.php(44): Illuminate\\Database\\Connectors\\Connector->createPdoConnection()
#2 /www/wwwroot/salutbagansiapiapi.com/Universitas_Terbuka/vendor/laravel/framework/src/Illuminate/Database/Connectors/MySqlConnector.php(24): Illuminate\\Database\\Connectors\\Connector->createConnection()
#3 /www/wwwroot/salutbagansiapiapi.com/Universitas_Terbuka/vendor/laravel/framework/src/Illuminate/Database/Connectors/ConnectionFactory.php(185): Illuminate\\Database\\Connectors\\MySqlConnector->connect()
#4 [internal function]: Illuminate\\Database\\Connectors\\ConnectionFactory->Illuminate\\Database\\Connectors\\{closure}()
#5 /www/wwwroot/salutbagansiapiapi.com/Universitas_Terbuka/vendor/laravel/framework/src/Illuminate/Database/Connection.php(1231): call_user_func()
#6 /www/wwwroot/salutbagansiapiapi.com/Universitas_Terbuka/vendor/laravel/framework/src/Illuminate/Database/Connection.php(1267): Illuminate\\Database\\Connection->getPdo()
#7 /www/wwwroot/salutbagansiapiapi.com/Universitas_Terbuka/vendor/laravel/framework/src/Illuminate/Database/Connection.php(512): Illuminate\\Database\\Connection->getReadPdo()
#8 /www/wwwroot/salutbagansiapiapi.com/Universitas_Terbuka/vendor/laravel/framework/src/Illuminate/Database/Connection.php(407): Illuminate\\Database\\Connection->getPdoForSelect()
#9 /www/wwwroot/salutbagansiapiapi.com/Universitas_Terbuka/vendor/laravel/framework/src/Illuminate/Database/Connection.php(812): Illuminate\\Database\\Connection->Illuminate\\Database\\{closure}()
#10 /www/wwwroot/salutbagansiapiapi.com/Universitas_Terbuka/vendor/laravel/framework/src/Illuminate/Database/Connection.php(779): Illuminate\\Database\\Connection->runQueryCallback()
#11 /www/wwwroot/salutbagansiapiapi.com/Universitas_Terbuka/vendor/laravel/framework/src/Illuminate/Database/Connection.php(398): Illuminate\\Database\\Connection->run()
#12 /www/wwwroot/salutbagansiapiapi.com/Universitas_Terbuka/vendor/laravel/framework/src/Illuminate/Database/Query/Builder.php(3133): Illuminate\\Database\\Connection->select()
#13 /www/wwwroot/salutbagansiapiapi.com/Universitas_Terbuka/vendor/laravel/framework/src/Illuminate/Database/Query/Builder.php(3118): Illuminate\\Database\\Query\\Builder->runSelect()
#14 /www/wwwroot/salutbagansiapiapi.com/Universitas_Terbuka/vendor/laravel/framework/src/Illuminate/Database/Query/Builder.php(3706): Illuminate\\Database\\Query\\Builder->Illuminate\\Database\\Query\\{closure}()
#15 /www/wwwroot/salutbagansiapiapi.com/Universitas_Terbuka/vendor/laravel/framework/src/Illuminate/Database/Query/Builder.php(3117): Illuminate\\Database\\Query\\Builder->onceWithColumns()
#16 /www/wwwroot/salutbagansiapiapi.com/Universitas_Terbuka/vendor/laravel/framework/src/Illuminate/Database/Query/Builder.php(3633): Illuminate\\Database\\Query\\Builder->get()
#17 /www/wwwroot/salutbagansiapiapi.com/Universitas_Terbuka/vendor/laravel/framework/src/Illuminate/Database/Query/Builder.php(3561): Illuminate\\Database\\Query\\Builder->aggregate()
#18 /www/wwwroot/salutbagansiapiapi.com/Universitas_Terbuka/vendor/laravel/framework/src/Illuminate/Database/Eloquent/Builder.php(2099): Illuminate\\Database\\Query\\Builder->count()
#19 /www/wwwroot/salutbagansiapiapi.com/Universitas_Terbuka/vendor/laravel/framework/src/Illuminate/Support/Traits/ForwardsCalls.php(23): Illuminate\\Database\\Eloquent\\Builder->__call()
#20 /www/wwwroot/salutbagansiapiapi.com/Universitas_Terbuka/vendor/laravel/framework/src/Illuminate/Database/Eloquent/Model.php(2368): Illuminate\\Database\\Eloquent\\Model->forwardCallTo()
#21 /www/wwwroot/salutbagansiapiapi.com/Universitas_Terbuka/vendor/laravel/framework/src/Illuminate/Database/Eloquent/Model.php(2380): Illuminate\\Database\\Eloquent\\Model->__call()
#22 /www/wwwroot/salutbagansiapiapi.com/Universitas_Terbuka/app/Http/Controllers/LandingController.php(16): Illuminate\\Database\\Eloquent\\Model::__callStatic()
#23 /www/wwwroot/salutbagansiapiapi.com/Universitas_Terbuka/vendor/laravel/framework/src/Illuminate/Routing/ControllerDispatcher.php(47): App\\Http\\Controllers\\LandingController->index()
#24 /www/wwwroot/salutbagansiapiapi.com/Universitas_Terbuka/vendor/laravel/framework/src/Illuminate/Routing/Route.php(266): Illuminate\\Routing\\ControllerDispatcher->dispatch()
#25 /www/wwwroot/salutbagansiapiapi.com/Universitas_Terbuka/vendor/laravel/framework/src/Illuminate/Routing/Route.php(212): Illuminate\\Routing\\Route->runController()
#26 /www/wwwroot/salutbagansiapiapi.com/Universitas_Terbuka/vendor/laravel/framework/src/Illuminate/Routing/Router.php(808): Illuminate\\Routing\\Route->run()
#27 /www/wwwroot/salutbagansiapiapi.com/Universitas_Terbuka/vendor/laravel/framework/src/Illuminate/Pipeline/Pipeline.php(170): Illuminate\\Routing\\Router->Illuminate\\Routing\\{closure}()
#28 /www/wwwroot/salutbagansiapiapi.com/Universitas_Terbuka/vendor/laravel/framework/src/Illuminate/Routing/Middleware/SubstituteBindings.php(51): Illuminate\\Pipeline\\Pipeline->Illuminate\\Pipeline\\{closure}()
#29 /www/wwwroot/salutbagansiapiapi.com/Universitas_Terbuka/vendor/laravel/framework/src/Illuminate/Pipeline/Pipeline.php(209): Illuminate\\Routing\\Middleware\\SubstituteBindings->handle()
#30 /www/wwwroot/salutbagansiapiapi.com/Universitas_Terbuka/vendor/laravel/framework/src/Illuminate/Foundation/Http/Middleware/VerifyCsrfToken.php(88): Illuminate\\Pipeline\\Pipeline->Illuminate\\Pipeline\\{closure}()
#31 /www/wwwroot/salutbagansiapiapi.com/Universitas_Terbuka/vendor/laravel/framework/src/Illuminate/Pipeline/Pipeline.php(209): Illuminate\\Foundation\\Http\\Middleware\\VerifyCsrfToken->handle()
#32 /www/wwwroot/salutbagansiapiapi.com/Universitas_Terbuka/vendor/laravel/framework/src/Illuminate/View/Middleware/ShareErrorsFromSession.php(49): Illuminate\\Pipeline\\Pipeline->Illuminate\\Pipeline\\{closure}()
#33 /www/wwwroot/salutbagansiapiapi.com/Universitas_Terbuka/vendor/laravel/framework/src/Illuminate/Pipeline/Pipeline.php(209): Illuminate\\View\\Middleware\\ShareErrorsFromSession->handle()
#34 /www/wwwroot/salutbagansiapiapi.com/Universitas_Terbuka/vendor/laravel/framework/src/Illuminate/Session/Middleware/StartSession.php(121): Illuminate\\Pipeline\\Pipeline->Illuminate\\Pipeline\\{closure}()
#35 /www/wwwroot/salutbagansiapiapi.com/Universitas_Terbuka/vendor/laravel/framework/src/Illuminate/Session/Middleware/StartSession.php(64): Illuminate\\Session\\Middleware\\StartSession->handleStatefulRequest()
#36 /www/wwwroot/salutbagansiapiapi.com/Universitas_Terbuka/vendor/laravel/framework/src/Illuminate/Pipeline/Pipeline.php(209): Illuminate\\Session\\Middleware\\StartSession->handle()
#37 /www/wwwroot/salutbagansiapiapi.com/Universitas_Terbuka/vendor/laravel/framework/src/Illuminate/Cookie/Middleware/AddQueuedCookiesToResponse.php(37): Illuminate\\Pipeline\\Pipeline->Illuminate\\Pipeline\\{closure}()
#38 /www/wwwroot/salutbagansiapiapi.com/Universitas_Terbuka/vendor/laravel/framework/src/Illuminate/Pipeline/Pipeline.php(209): Illuminate\\Cookie\\Middleware\\AddQueuedCookiesToResponse->handle()
#39 /www/wwwroot/salutbagansiapiapi.com/Universitas_Terbuka/vendor/laravel/framework/src/Illuminate/Cookie/Middleware/EncryptCookies.php(75): Illuminate\\Pipeline\\Pipeline->Illuminate\\Pipeline\\{closure}()
#40 /www/wwwroot/salutbagansiapiapi.com/Universitas_Terbuka/vendor/laravel/framework/src/Illuminate/Pipeline/Pipeline.php(209): Illuminate\\Cookie\\Middleware\\EncryptCookies->handle()
#41 /www/wwwroot/salutbagansiapiapi.com/Universitas_Terbuka/vendor/laravel/framework/src/Illuminate/Pipeline/Pipeline.php(127): Illuminate\\Pipeline\\Pipeline->Illuminate\\Pipeline\\{closure}()
#42 /www/wwwroot/salutbagansiapiapi.com/Universitas_Terbuka/vendor/laravel/framework/src/Illuminate/Routing/Router.php(807): Illuminate\\Pipeline\\Pipeline->then()
#43 /www/wwwroot/salutbagansiapiapi.com/Universitas_Terbuka/vendor/laravel/framework/src/Illuminate/Routing/Router.php(786): Illuminate\\Routing\\Router->runRouteWithinStack()
#44 /www/wwwroot/salutbagansiapiapi.com/Universitas_Terbuka/vendor/laravel/framework/src/Illuminate/Routing/Router.php(750): Illuminate\\Routing\\Router->runRoute()
#45 /www/wwwroot/salutbagansiapiapi.com/Universitas_Terbuka/vendor/laravel/framework/src/Illuminate/Routing/Router.php(739): Illuminate\\Routing\\Router->dispatchToRoute()
#46 /www/wwwroot/salutbagansiapiapi.com/Universitas_Terbuka/vendor/laravel/framework/src/Illuminate/Foundation/Http/Kernel.php(201): Illuminate\\Routing\\Router->dispatch()
#47 /www/wwwroot/salutbagansiapiapi.com/Universitas_Terbuka/vendor/laravel/framework/src/Illuminate/Pipeline/Pipeline.php(170): Illuminate\\Foundation\\Http\\Kernel->Illuminate\\Foundation\\Http\\{closure}()
#48 /www/wwwroot/salutbagansiapiapi.com/Universitas_Terbuka/vendor/laravel/framework/src/Illuminate/Foundation/Http/Middleware/TransformsRequest.php(21): Illuminate\\Pipeline\\Pipeline->Illuminate\\Pipeline\\{closure}()
#49 /www/wwwroot/salutbagansiapiapi.com/Universitas_Terbuka/vendor/laravel/framework/src/Illuminate/Foundation/Http/Middleware/ConvertEmptyStringsToNull.php(31): Illuminate\\Foundation\\Http\\Middleware\\TransformsRequest->handle()
#50 /www/wwwroot/salutbagansiapiapi.com/Universitas_Terbuka/vendor/laravel/framework/src/Illuminate/Pipeline/Pipeline.php(209): Illuminate\\Foundation\\Http\\Middleware\\ConvertEmptyStringsToNull->handle()
#51 /www/wwwroot/salutbagansiapiapi.com/Universitas_Terbuka/vendor/laravel/framework/src/Illuminate/Foundation/Http/Middleware/TransformsRequest.php(21): Illuminate\\Pipeline\\Pipeline->Illuminate\\Pipeline\\{closure}()
#52 /www/wwwroot/salutbagansiapiapi.com/Universitas_Terbuka/vendor/laravel/framework/src/Illuminate/Foundation/Http/Middleware/TrimStrings.php(51): Illuminate\\Foundation\\Http\\Middleware\\TransformsRequest->handle()
#53 /www/wwwroot/salutbagansiapiapi.com/Universitas_Terbuka/vendor/laravel/framework/src/Illuminate/Pipeline/Pipeline.php(209): Illuminate\\Foundation\\Http\\Middleware\\TrimStrings->handle()
#54 /www/wwwroot/salutbagansiapiapi.com/Universitas_Terbuka/vendor/laravel/framework/src/Illuminate/Http/Middleware/ValidatePostSize.php(27): Illuminate\\Pipeline\\Pipeline->Illuminate\\Pipeline\\{closure}()
#55 /www/wwwroot/salutbagansiapiapi.com/Universitas_Terbuka/vendor/laravel/framework/src/Illuminate/Pipeline/Pipeline.php(209): Illuminate\\Http\\Middleware\\ValidatePostSize->handle()
#56 /www/wwwroot/salutbagansiapiapi.com/Universitas_Terbuka/vendor/laravel/framework/src/Illuminate/Foundation/Http/Middleware/PreventRequestsDuringMaintenance.php(110): Illuminate\\Pipeline\\Pipeline->Illuminate\\Pipeline\\{closure}()
#57 /www/wwwroot/salutbagansiapiapi.com/Universitas_Terbuka/vendor/laravel/framework/src/Illuminate/Pipeline/Pipeline.php(209): Illuminate\\Foundation\\Http\\Middleware\\PreventRequestsDuringMaintenance->handle()
#58 /www/wwwroot/salutbagansiapiapi.com/Universitas_Terbuka/vendor/laravel/framework/src/Illuminate/Http/Middleware/HandleCors.php(49): Illuminate\\Pipeline\\Pipeline->Illuminate\\Pipeline\\{closure}()
#59 /www/wwwroot/salutbagansiapiapi.com/Universitas_Terbuka/vendor/laravel/framework/src/Illuminate/Pipeline/Pipeline.php(209): Illuminate\\Http\\Middleware\\HandleCors->handle()
#60 /www/wwwroot/salutbagansiapiapi.com/Universitas_Terbuka/vendor/laravel/framework/src/Illuminate/Http/Middleware/TrustProxies.php(58): Illuminate\\Pipeline\\Pipeline->Illuminate\\Pipeline\\{closure}()
#61 /www/wwwroot/salutbagansiapiapi.com/Universitas_Terbuka/vendor/laravel/framework/src/Illuminate/Pipeline/Pipeline.php(209): Illuminate\\Http\\Middleware\\TrustProxies->handle()
#62 /www/wwwroot/salutbagansiapiapi.com/Universitas_Terbuka/vendor/laravel/framework/src/Illuminate/Foundation/Http/Middleware/InvokeDeferredCallbacks.php(22): Illuminate\\Pipeline\\Pipeline->Illuminate\\Pipeline\\{closure}()
#63 /www/wwwroot/salutbagansiapiapi.com/Universitas_Terbuka/vendor/laravel/framework/src/Illuminate/Pipeline/Pipeline.php(209): Illuminate\\Foundation\\Http\\Middleware\\InvokeDeferredCallbacks->handle()
#64 /www/wwwroot/salutbagansiapiapi.com/Universitas_Terbuka/vendor/laravel/framework/src/Illuminate/Pipeline/Pipeline.php(127): Illuminate\\Pipeline\\Pipeline->Illuminate\\Pipeline\\{closure}()
#65 /www/wwwroot/salutbagansiapiapi.com/Universitas_Terbuka/vendor/laravel/framework/src/Illuminate/Foundation/Http/Kernel.php(176): Illuminate\\Pipeline\\Pipeline->then()
#66 /www/wwwroot/salutbagansiapiapi.com/Universitas_Terbuka/vendor/laravel/framework/src/Illuminate/Foundation/Http/Kernel.php(145): Illuminate\\Foundation\\Http\\Kernel->sendRequestThroughRouter()
#67 /www/wwwroot/salutbagansiapiapi.com/Universitas_Terbuka/vendor/laravel/framework/src/Illuminate/Foundation/Application.php(1216): Illuminate\\Foundation\\Http\\Kernel->handle()
#68 /www/wwwroot/salutbagansiapiapi.com/Universitas_Terbuka/public/index.php(17): Illuminate\\Foundation\\Application->handleRequest()
#69 {main}
"} 
[2025-10-19 08:57:30] local.ERROR: file_put_contents(D:\Project UT\Universitas_Terbuka\storage\framework/sessions/f49PzNfylf2MYlaU6Pry1DhpJCGSvJHo0aM59Eth): Failed to open stream: No such file or directory {"exception":"[object] (ErrorException(code: 0): file_put_contents(D:\\Project UT\\Universitas_Terbuka\\storage\\framework/sessions/f49PzNfylf2MYlaU6Pry1DhpJCGSvJHo0aM59Eth): Failed to open stream: No such file or directory at /www/wwwroot/salutbagansiapiapi.com/Universitas_Terbuka/vendor/laravel/framework/src/Illuminate/Filesystem/Filesystem.php:204)
[stacktrace]
#0 /www/wwwroot/salutbagansiapiapi.com/Universitas_Terbuka/vendor/laravel/framework/src/Illuminate/Foundation/Bootstrap/HandleExceptions.php(256): Illuminate\\Foundation\\Bootstrap\\HandleExceptions->handleError()
#1 [internal function]: Illuminate\\Foundation\\Bootstrap\\HandleExceptions->Illuminate\\Foundation\\Bootstrap\\{closure}()
#2 /www/wwwroot/salutbagansiapiapi.com/Universitas_Terbuka/vendor/laravel/framework/src/Illuminate/Filesystem/Filesystem.php(204): file_put_contents()
#3 /www/wwwroot/salutbagansiapiapi.com/Universitas_Terbuka/vendor/laravel/framework/src/Illuminate/Session/FileSessionHandler.php(90): Illuminate\\Filesystem\\Filesystem->put()
#4 /www/wwwroot/salutbagansiapiapi.com/Universitas_Terbuka/vendor/laravel/framework/src/Illuminate/Session/Store.php(176): Illuminate\\Session\\FileSessionHandler->write()
#5 /www/wwwroot/salutbagansiapiapi.com/Universitas_Terbuka/vendor/laravel/framework/src/Illuminate/Session/Middleware/StartSession.php(245): Illuminate\\Session\\Store->save()
#6 /www/wwwroot/salutbagansiapiapi.com/Universitas_Terbuka/vendor/laravel/framework/src/Illuminate/Session/Middleware/StartSession.php(130): Illuminate\\Session\\Middleware\\StartSession->saveSession()
#7 /www/wwwroot/salutbagansiapiapi.com/Universitas_Terbuka/vendor/laravel/framework/src/Illuminate/Session/Middleware/StartSession.php(64): Illuminate\\Session\\Middleware\\StartSession->handleStatefulRequest()
#8 /www/wwwroot/salutbagansiapiapi.com/Universitas_Terbuka/vendor/laravel/framework/src/Illuminate/Pipeline/Pipeline.php(209): Illuminate\\Session\\Middleware\\StartSession->handle()
#9 /www/wwwroot/salutbagansiapiapi.com/Universitas_Terbuka/vendor/laravel/framework/src/Illuminate/Cookie/Middleware/AddQueuedCookiesToResponse.php(37): Illuminate\\Pipeline\\Pipeline->Illuminate\\Pipeline\\{closure}()
#10 /www/wwwroot/salutbagansiapiapi.com/Universitas_Terbuka/vendor/laravel/framework/src/Illuminate/Pipeline/Pipeline.php(209): Illuminate\\Cookie\\Middleware\\AddQueuedCookiesToResponse->handle()
#11 /www/wwwroot/salutbagansiapiapi.com/Universitas_Terbuka/vendor/laravel/framework/src/Illuminate/Cookie/Middleware/EncryptCookies.php(75): Illuminate\\Pipeline\\Pipeline->Illuminate\\Pipeline\\{closure}()
#12 /www/wwwroot/salutbagansiapiapi.com/Universitas_Terbuka/vendor/laravel/framework/src/Illuminate/Pipeline/Pipeline.php(209): Illuminate\\Cookie\\Middleware\\EncryptCookies->handle()
#13 /www/wwwroot/salutbagansiapiapi.com/Universitas_Terbuka/vendor/laravel/framework/src/Illuminate/Pipeline/Pipeline.php(127): Illuminate\\Pipeline\\Pipeline->Illuminate\\Pipeline\\{closure}()
#14 /www/wwwroot/salutbagansiapiapi.com/Universitas_Terbuka/vendor/laravel/framework/src/Illuminate/Routing/Router.php(807): Illuminate\\Pipeline\\Pipeline->then()
#15 /www/wwwroot/salutbagansiapiapi.com/Universitas_Terbuka/vendor/laravel/framework/src/Illuminate/Routing/Router.php(786): Illuminate\\Routing\\Router->runRouteWithinStack()
#16 /www/wwwroot/salutbagansiapiapi.com/Universitas_Terbuka/vendor/laravel/framework/src/Illuminate/Routing/Router.php(750): Illuminate\\Routing\\Router->runRoute()
#17 /www/wwwroot/salutbagansiapiapi.com/Universitas_Terbuka/vendor/laravel/framework/src/Illuminate/Routing/Router.php(739): Illuminate\\Routing\\Router->dispatchToRoute()
#18 /www/wwwroot/salutbagansiapiapi.com/Universitas_Terbuka/vendor/laravel/framework/src/Illuminate/Foundation/Http/Kernel.php(201): Illuminate\\Routing\\Router->dispatch()
#19 /www/wwwroot/salutbagansiapiapi.com/Universitas_Terbuka/vendor/laravel/framework/src/Illuminate/Pipeline/Pipeline.php(170): Illuminate\\Foundation\\Http\\Kernel->Illuminate\\Foundation\\Http\\{closure}()
#20 /www/wwwroot/salutbagansiapiapi.com/Universitas_Terbuka/vendor/laravel/framework/src/Illuminate/Foundation/Http/Middleware/TransformsRequest.php(21): Illuminate\\Pipeline\\Pipeline->Illuminate\\Pipeline\\{closure}()
#21 /www/wwwroot/salutbagansiapiapi.com/Universitas_Terbuka/vendor/laravel/framework/src/Illuminate/Foundation/Http/Middleware/ConvertEmptyStringsToNull.php(31): Illuminate\\Foundation\\Http\\Middleware\\TransformsRequest->handle()
#22 /www/wwwroot/salutbagansiapiapi.com/Universitas_Terbuka/vendor/laravel/framework/src/Illuminate/Pipeline/Pipeline.php(209): Illuminate\\Foundation\\Http\\Middleware\\ConvertEmptyStringsToNull->handle()
#23 /www/wwwroot/salutbagansiapiapi.com/Universitas_Terbuka/vendor/laravel/framework/src/Illuminate/Foundation/Http/Middleware/TransformsRequest.php(21): Illuminate\\Pipeline\\Pipeline->Illuminate\\Pipeline\\{closure}()
#24 /www/wwwroot/salutbagansiapiapi.com/Universitas_Terbuka/vendor/laravel/framework/src/Illuminate/Foundation/Http/Middleware/TrimStrings.php(51): Illuminate\\Foundation\\Http\\Middleware\\TransformsRequest->handle()
#25 /www/wwwroot/salutbagansiapiapi.com/Universitas_Terbuka/vendor/laravel/framework/src/Illuminate/Pipeline/Pipeline.php(209): Illuminate\\Foundation\\Http\\Middleware\\TrimStrings->handle()
#26 /www/wwwroot/salutbagansiapiapi.com/Universitas_Terbuka/vendor/laravel/framework/src/Illuminate/Http/Middleware/ValidatePostSize.php(27): Illuminate\\Pipeline\\Pipeline->Illuminate\\Pipeline\\{closure}()
#27 /www/wwwroot/salutbagansiapiapi.com/Universitas_Terbuka/vendor/laravel/framework/src/Illuminate/Pipeline/Pipeline.php(209): Illuminate\\Http\\Middleware\\ValidatePostSize->handle()
#28 /www/wwwroot/salutbagansiapiapi.com/Universitas_Terbuka/vendor/laravel/framework/src/Illuminate/Foundation/Http/Middleware/PreventRequestsDuringMaintenance.php(110): Illuminate\\Pipeline\\Pipeline->Illuminate\\Pipeline\\{closure}()
#29 /www/wwwroot/salutbagansiapiapi.com/Universitas_Terbuka/vendor/laravel/framework/src/Illuminate/Pipeline/Pipeline.php(209): Illuminate\\Foundation\\Http\\Middleware\\PreventRequestsDuringMaintenance->handle()
#30 /www/wwwroot/salutbagansiapiapi.com/Universitas_Terbuka/vendor/laravel/framework/src/Illuminate/Http/Middleware/HandleCors.php(49): Illuminate\\Pipeline\\Pipeline->Illuminate\\Pipeline\\{closure}()
#31 /www/wwwroot/salutbagansiapiapi.com/Universitas_Terbuka/vendor/laravel/framework/src/Illuminate/Pipeline/Pipeline.php(209): Illuminate\\Http\\Middleware\\HandleCors->handle()
#32 /www/wwwroot/salutbagansiapiapi.com/Universitas_Terbuka/vendor/laravel/framework/src/Illuminate/Http/Middleware/TrustProxies.php(58): Illuminate\\Pipeline\\Pipeline->Illuminate\\Pipeline\\{closure}()
#33 /www/wwwroot/salutbagansiapiapi.com/Universitas_Terbuka/vendor/laravel/framework/src/Illuminate/Pipeline/Pipeline.php(209): Illuminate\\Http\\Middleware\\TrustProxies->handle()
#34 /www/wwwroot/salutbagansiapiapi.com/Universitas_Terbuka/vendor/laravel/framework/src/Illuminate/Foundation/Http/Middleware/InvokeDeferredCallbacks.php(22): Illuminate\\Pipeline\\Pipeline->Illuminate\\Pipeline\\{closure}()
#35 /www/wwwroot/salutbagansiapiapi.com/Universitas_Terbuka/vendor/laravel/framework/src/Illuminate/Pipeline/Pipeline.php(209): Illuminate\\Foundation\\Http\\Middleware\\InvokeDeferredCallbacks->handle()
#36 /www/wwwroot/salutbagansiapiapi.com/Universitas_Terbuka/vendor/laravel/framework/src/Illuminate/Pipeline/Pipeline.php(127): Illuminate\\Pipeline\\Pipeline->Illuminate\\Pipeline\\{closure}()
#37 /www/wwwroot/salutbagansiapiapi.com/Universitas_Terbuka/vendor/laravel/framework/src/Illuminate/Foundation/Http/Kernel.php(176): Illuminate\\Pipeline\\Pipeline->then()
#38 /www/wwwroot/salutbagansiapiapi.com/Universitas_Terbuka/vendor/laravel/framework/src/Illuminate/Foundation/Http/Kernel.php(145): Illuminate\\Foundation\\Http\\Kernel->sendRequestThroughRouter()
#39 /www/wwwroot/salutbagansiapiapi.com/Universitas_Terbuka/vendor/laravel/framework/src/Illuminate/Foundation/Application.php(1216): Illuminate\\Foundation\\Http\\Kernel->handle()
#40 /www/wwwroot/salutbagansiapiapi.com/Universitas_Terbuka/public/index.php(17): Illuminate\\Foundation\\Application->handleRequest()
#41 {main}
"} 
[2025-10-19 08:57:46] local.ERROR: SQLSTATE[HY000] [1045] Access denied for user 'root'@'localhost' (using password: NO) (Connection: mysql, SQL: select count(*) as aggregate from `fakultas`) {"exception":"[object] (Illuminate\\Database\\QueryException(code: 1045): SQLSTATE[HY000] [1045] Access denied for user 'root'@'localhost' (using password: NO) (Connection: mysql, SQL: select count(*) as aggregate from `fakultas`) at /www/wwwroot/salutbagansiapiapi.com/Universitas_Terbuka/vendor/laravel/framework/src/Illuminate/Database/Connection.php:825)
[stacktrace]
#0 /www/wwwroot/salutbagansiapiapi.com/Universitas_Terbuka/vendor/laravel/framework/src/Illuminate/Database/Connection.php(779): Illuminate\\Database\\Connection->runQueryCallback()
#1 /www/wwwroot/salutbagansiapiapi.com/Universitas_Terbuka/vendor/laravel/framework/src/Illuminate/Database/Connection.php(398): Illuminate\\Database\\Connection->run()
#2 /www/wwwroot/salutbagansiapiapi.com/Universitas_Terbuka/vendor/laravel/framework/src/Illuminate/Database/Query/Builder.php(3133): Illuminate\\Database\\Connection->select()
#3 /www/wwwroot/salutbagansiapiapi.com/Universitas_Terbuka/vendor/laravel/framework/src/Illuminate/Database/Query/Builder.php(3118): Illuminate\\Database\\Query\\Builder->runSelect()
#4 /www/wwwroot/salutbagansiapiapi.com/Universitas_Terbuka/vendor/laravel/framework/src/Illuminate/Database/Query/Builder.php(3706): Illuminate\\Database\\Query\\Builder->Illuminate\\Database\\Query\\{closure}()
#5 /www/wwwroot/salutbagansiapiapi.com/Universitas_Terbuka/vendor/laravel/framework/src/Illuminate/Database/Query/Builder.php(3117): Illuminate\\Database\\Query\\Builder->onceWithColumns()
#6 /www/wwwroot/salutbagansiapiapi.com/Universitas_Terbuka/vendor/laravel/framework/src/Illuminate/Database/Query/Builder.php(3633): Illuminate\\Database\\Query\\Builder->get()
#7 /www/wwwroot/salutbagansiapiapi.com/Universitas_Terbuka/vendor/laravel/framework/src/Illuminate/Database/Query/Builder.php(3561): Illuminate\\Database\\Query\\Builder->aggregate()
#8 /www/wwwroot/salutbagansiapiapi.com/Universitas_Terbuka/vendor/laravel/framework/src/Illuminate/Database/Eloquent/Builder.php(2099): Illuminate\\Database\\Query\\Builder->count()
#9 /www/wwwroot/salutbagansiapiapi.com/Universitas_Terbuka/vendor/laravel/framework/src/Illuminate/Support/Traits/ForwardsCalls.php(23): Illuminate\\Database\\Eloquent\\Builder->__call()
#10 /www/wwwroot/salutbagansiapiapi.com/Universitas_Terbuka/vendor/laravel/framework/src/Illuminate/Database/Eloquent/Model.php(2368): Illuminate\\Database\\Eloquent\\Model->forwardCallTo()
#11 /www/wwwroot/salutbagansiapiapi.com/Universitas_Terbuka/vendor/laravel/framework/src/Illuminate/Database/Eloquent/Model.php(2380): Illuminate\\Database\\Eloquent\\Model->__call()
#12 /www/wwwroot/salutbagansiapiapi.com/Universitas_Terbuka/app/Http/Controllers/LandingController.php(16): Illuminate\\Database\\Eloquent\\Model::__callStatic()
#13 /www/wwwroot/salutbagansiapiapi.com/Universitas_Terbuka/vendor/laravel/framework/src/Illuminate/Routing/ControllerDispatcher.php(47): App\\Http\\Controllers\\LandingController->index()
#14 /www/wwwroot/salutbagansiapiapi.com/Universitas_Terbuka/vendor/laravel/framework/src/Illuminate/Routing/Route.php(266): Illuminate\\Routing\\ControllerDispatcher->dispatch()
#15 /www/wwwroot/salutbagansiapiapi.com/Universitas_Terbuka/vendor/laravel/framework/src/Illuminate/Routing/Route.php(212): Illuminate\\Routing\\Route->runController()
#16 /www/wwwroot/salutbagansiapiapi.com/Universitas_Terbuka/vendor/laravel/framework/src/Illuminate/Routing/Router.php(808): Illuminate\\Routing\\Route->run()
#17 /www/wwwroot/salutbagansiapiapi.com/Universitas_Terbuka/vendor/laravel/framework/src/Illuminate/Pipeline/Pipeline.php(170): Illuminate\\Routing\\Router->Illuminate\\Routing\\{closure}()
#18 /www/wwwroot/salutbagansiapiapi.com/Universitas_Terbuka/vendor/laravel/framework/src/Illuminate/Routing/Middleware/SubstituteBindings.php(51): Illuminate\\Pipeline\\Pipeline->Illuminate\\Pipeline\\{closure}()
#19 /www/wwwroot/salutbagansiapiapi.com/Universitas_Terbuka/vendor/laravel/framework/src/Illuminate/Pipeline/Pipeline.php(209): Illuminate\\Routing\\Middleware\\SubstituteBindings->handle()
#20 /www/wwwroot/salutbagansiapiapi.com/Universitas_Terbuka/vendor/laravel/framework/src/Illuminate/Foundation/Http/Middleware/VerifyCsrfToken.php(88): Illuminate\\Pipeline\\Pipeline->Illuminate\\Pipeline\\{closure}()
#21 /www/wwwroot/salutbagansiapiapi.com/Universitas_Terbuka/vendor/laravel/framework/src/Illuminate/Pipeline/Pipeline.php(209): Illuminate\\Foundation\\Http\\Middleware\\VerifyCsrfToken->handle()
#22 /www/wwwroot/salutbagansiapiapi.com/Universitas_Terbuka/vendor/laravel/framework/src/Illuminate/View/Middleware/ShareErrorsFromSession.php(49): Illuminate\\Pipeline\\Pipeline->Illuminate\\Pipeline\\{closure}()
#23 /www/wwwroot/salutbagansiapiapi.com/Universitas_Terbuka/vendor/laravel/framework/src/Illuminate/Pipeline/Pipeline.php(209): Illuminate\\View\\Middleware\\ShareErrorsFromSession->handle()
#24 /www/wwwroot/salutbagansiapiapi.com/Universitas_Terbuka/vendor/laravel/framework/src/Illuminate/Session/Middleware/StartSession.php(121): Illuminate\\Pipeline\\Pipeline->Illuminate\\Pipeline\\{closure}()
#25 /www/wwwroot/salutbagansiapiapi.com/Universitas_Terbuka/vendor/laravel/framework/src/Illuminate/Session/Middleware/StartSession.php(64): Illuminate\\Session\\Middleware\\StartSession->handleStatefulRequest()
#26 /www/wwwroot/salutbagansiapiapi.com/Universitas_Terbuka/vendor/laravel/framework/src/Illuminate/Pipeline/Pipeline.php(209): Illuminate\\Session\\Middleware\\StartSession->handle()
#27 /www/wwwroot/salutbagansiapiapi.com/Universitas_Terbuka/vendor/laravel/framework/src/Illuminate/Cookie/Middleware/AddQueuedCookiesToResponse.php(37): Illuminate\\Pipeline\\Pipeline->Illuminate\\Pipeline\\{closure}()
#28 /www/wwwroot/salutbagansiapiapi.com/Universitas_Terbuka/vendor/laravel/framework/src/Illuminate/Pipeline/Pipeline.php(209): Illuminate\\Cookie\\Middleware\\AddQueuedCookiesToResponse->handle()
#29 /www/wwwroot/salutbagansiapiapi.com/Universitas_Terbuka/vendor/laravel/framework/src/Illuminate/Cookie/Middleware/EncryptCookies.php(75): Illuminate\\Pipeline\\Pipeline->Illuminate\\Pipeline\\{closure}()
#30 /www/wwwroot/salutbagansiapiapi.com/Universitas_Terbuka/vendor/laravel/framework/src/Illuminate/Pipeline/Pipeline.php(209): Illuminate\\Cookie\\Middleware\\EncryptCookies->handle()
#31 /www/wwwroot/salutbagansiapiapi.com/Universitas_Terbuka/vendor/laravel/framework/src/Illuminate/Pipeline/Pipeline.php(127): Illuminate\\Pipeline\\Pipeline->Illuminate\\Pipeline\\{closure}()
#32 /www/wwwroot/salutbagansiapiapi.com/Universitas_Terbuka/vendor/laravel/framework/src/Illuminate/Routing/Router.php(807): Illuminate\\Pipeline\\Pipeline->then()
#33 /www/wwwroot/salutbagansiapiapi.com/Universitas_Terbuka/vendor/laravel/framework/src/Illuminate/Routing/Router.php(786): Illuminate\\Routing\\Router->runRouteWithinStack()
#34 /www/wwwroot/salutbagansiapiapi.com/Universitas_Terbuka/vendor/laravel/framework/src/Illuminate/Routing/Router.php(750): Illuminate\\Routing\\Router->runRoute()
#35 /www/wwwroot/salutbagansiapiapi.com/Universitas_Terbuka/vendor/laravel/framework/src/Illuminate/Routing/Router.php(739): Illuminate\\Routing\\Router->dispatchToRoute()
#36 /www/wwwroot/salutbagansiapiapi.com/Universitas_Terbuka/vendor/laravel/framework/src/Illuminate/Foundation/Http/Kernel.php(201): Illuminate\\Routing\\Router->dispatch()
#37 /www/wwwroot/salutbagansiapiapi.com/Universitas_Terbuka/vendor/laravel/framework/src/Illuminate/Pipeline/Pipeline.php(170): Illuminate\\Foundation\\Http\\Kernel->Illuminate\\Foundation\\Http\\{closure}()
#38 /www/wwwroot/salutbagansiapiapi.com/Universitas_Terbuka/vendor/laravel/framework/src/Illuminate/Foundation/Http/Middleware/TransformsRequest.php(21): Illuminate\\Pipeline\\Pipeline->Illuminate\\Pipeline\\{closure}()
#39 /www/wwwroot/salutbagansiapiapi.com/Universitas_Terbuka/vendor/laravel/framework/src/Illuminate/Foundation/Http/Middleware/ConvertEmptyStringsToNull.php(31): Illuminate\\Foundation\\Http\\Middleware\\TransformsRequest->handle()
#40 /www/wwwroot/salutbagansiapiapi.com/Universitas_Terbuka/vendor/laravel/framework/src/Illuminate/Pipeline/Pipeline.php(209): Illuminate\\Foundation\\Http\\Middleware\\ConvertEmptyStringsToNull->handle()
#41 /www/wwwroot/salutbagansiapiapi.com/Universitas_Terbuka/vendor/laravel/framework/src/Illuminate/Foundation/Http/Middleware/TransformsRequest.php(21): Illuminate\\Pipeline\\Pipeline->Illuminate\\Pipeline\\{closure}()
#42 /www/wwwroot/salutbagansiapiapi.com/Universitas_Terbuka/vendor/laravel/framework/src/Illuminate/Foundation/Http/Middleware/TrimStrings.php(51): Illuminate\\Foundation\\Http\\Middleware\\TransformsRequest->handle()
#43 /www/wwwroot/salutbagansiapiapi.com/Universitas_Terbuka/vendor/laravel/framework/src/Illuminate/Pipeline/Pipeline.php(209): Illuminate\\Foundation\\Http\\Middleware\\TrimStrings->handle()
#44 /www/wwwroot/salutbagansiapiapi.com/Universitas_Terbuka/vendor/laravel/framework/src/Illuminate/Http/Middleware/ValidatePostSize.php(27): Illuminate\\Pipeline\\Pipeline->Illuminate\\Pipeline\\{closure}()
#45 /www/wwwroot/salutbagansiapiapi.com/Universitas_Terbuka/vendor/laravel/framework/src/Illuminate/Pipeline/Pipeline.php(209): Illuminate\\Http\\Middleware\\ValidatePostSize->handle()
#46 /www/wwwroot/salutbagansiapiapi.com/Universitas_Terbuka/vendor/laravel/framework/src/Illuminate/Foundation/Http/Middleware/PreventRequestsDuringMaintenance.php(110): Illuminate\\Pipeline\\Pipeline->Illuminate\\Pipeline\\{closure}()
#47 /www/wwwroot/salutbagansiapiapi.com/Universitas_Terbuka/vendor/laravel/framework/src/Illuminate/Pipeline/Pipeline.php(209): Illuminate\\Foundation\\Http\\Middleware\\PreventRequestsDuringMaintenance->handle()
#48 /www/wwwroot/salutbagansiapiapi.com/Universitas_Terbuka/vendor/laravel/framework/src/Illuminate/Http/Middleware/HandleCors.php(49): Illuminate\\Pipeline\\Pipeline->Illuminate\\Pipeline\\{closure}()
#49 /www/wwwroot/salutbagansiapiapi.com/Universitas_Terbuka/vendor/laravel/framework/src/Illuminate/Pipeline/Pipeline.php(209): Illuminate\\Http\\Middleware\\HandleCors->handle()
#50 /www/wwwroot/salutbagansiapiapi.com/Universitas_Terbuka/vendor/laravel/framework/src/Illuminate/Http/Middleware/TrustProxies.php(58): Illuminate\\Pipeline\\Pipeline->Illuminate\\Pipeline\\{closure}()
#51 /www/wwwroot/salutbagansiapiapi.com/Universitas_Terbuka/vendor/laravel/framework/src/Illuminate/Pipeline/Pipeline.php(209): Illuminate\\Http\\Middleware\\TrustProxies->handle()
#52 /www/wwwroot/salutbagansiapiapi.com/Universitas_Terbuka/vendor/laravel/framework/src/Illuminate/Foundation/Http/Middleware/InvokeDeferredCallbacks.php(22): Illuminate\\Pipeline\\Pipeline->Illuminate\\Pipeline\\{closure}()
#53 /www/wwwroot/salutbagansiapiapi.com/Universitas_Terbuka/vendor/laravel/framework/src/Illuminate/Pipeline/Pipeline.php(209): Illuminate\\Foundation\\Http\\Middleware\\InvokeDeferredCallbacks->handle()
#54 /www/wwwroot/salutbagansiapiapi.com/Universitas_Terbuka/vendor/laravel/framework/src/Illuminate/Pipeline/Pipeline.php(127): Illuminate\\Pipeline\\Pipeline->Illuminate\\Pipeline\\{closure}()
#55 /www/wwwroot/salutbagansiapiapi.com/Universitas_Terbuka/vendor/laravel/framework/src/Illuminate/Foundation/Http/Kernel.php(176): Illuminate\\Pipeline\\Pipeline->then()
#56 /www/wwwroot/salutbagansiapiapi.com/Universitas_Terbuka/vendor/laravel/framework/src/Illuminate/Foundation/Http/Kernel.php(145): Illuminate\\Foundation\\Http\\Kernel->sendRequestThroughRouter()
#57 /www/wwwroot/salutbagansiapiapi.com/Universitas_Terbuka/vendor/laravel/framework/src/Illuminate/Foundation/Application.php(1216): Illuminate\\Foundation\\Http\\Kernel->handle()
#58 /www/wwwroot/salutbagansiapiapi.com/Universitas_Terbuka/public/index.php(17): Illuminate\\Foundation\\Application->handleRequest()
#59 {main}

[previous exception] [object] (PDOException(code: 1045): SQLSTATE[HY000] [1045] Access denied for user 'root'@'localhost' (using password: NO) at /www/wwwroot/salutbagansiapiapi.com/Universitas_Terbuka/vendor/laravel/framework/src/Illuminate/Database/Connectors/Connector.php:66)
[stacktrace]
#0 /www/wwwroot/salutbagansiapiapi.com/Universitas_Terbuka/vendor/laravel/framework/src/Illuminate/Database/Connectors/Connector.php(66): PDO->__construct()
#1 /www/wwwroot/salutbagansiapiapi.com/Universitas_Terbuka/vendor/laravel/framework/src/Illuminate/Database/Connectors/Connector.php(44): Illuminate\\Database\\Connectors\\Connector->createPdoConnection()
#2 /www/wwwroot/salutbagansiapiapi.com/Universitas_Terbuka/vendor/laravel/framework/src/Illuminate/Database/Connectors/MySqlConnector.php(24): Illuminate\\Database\\Connectors\\Connector->createConnection()
#3 /www/wwwroot/salutbagansiapiapi.com/Universitas_Terbuka/vendor/laravel/framework/src/Illuminate/Database/Connectors/ConnectionFactory.php(185): Illuminate\\Database\\Connectors\\MySqlConnector->connect()
#4 [internal function]: Illuminate\\Database\\Connectors\\ConnectionFactory->Illuminate\\Database\\Connectors\\{closure}()
#5 /www/wwwroot/salutbagansiapiapi.com/Universitas_Terbuka/vendor/laravel/framework/src/Illuminate/Database/Connection.php(1231): call_user_func()
#6 /www/wwwroot/salutbagansiapiapi.com/Universitas_Terbuka/vendor/laravel/framework/src/Illuminate/Database/Connection.php(1267): Illuminate\\Database\\Connection->getPdo()
#7 /www/wwwroot/salutbagansiapiapi.com/Universitas_Terbuka/vendor/laravel/framework/src/Illuminate/Database/Connection.php(512): Illuminate\\Database\\Connection->getReadPdo()
#8 /www/wwwroot/salutbagansiapiapi.com/Universitas_Terbuka/vendor/laravel/framework/src/Illuminate/Database/Connection.php(407): Illuminate\\Database\\Connection->getPdoForSelect()
#9 /www/wwwroot/salutbagansiapiapi.com/Universitas_Terbuka/vendor/laravel/framework/src/Illuminate/Database/Connection.php(812): Illuminate\\Database\\Connection->Illuminate\\Database\\{closure}()
#10 /www/wwwroot/salutbagansiapiapi.com/Universitas_Terbuka/vendor/laravel/framework/src/Illuminate/Database/Connection.php(779): Illuminate\\Database\\Connection->runQueryCallback()
#11 /www/wwwroot/salutbagansiapiapi.com/Universitas_Terbuka/vendor/laravel/framework/src/Illuminate/Database/Connection.php(398): Illuminate\\Database\\Connection->run()
#12 /www/wwwroot/salutbagansiapiapi.com/Universitas_Terbuka/vendor/laravel/framework/src/Illuminate/Database/Query/Builder.php(3133): Illuminate\\Database\\Connection->select()
#13 /www/wwwroot/salutbagansiapiapi.com/Universitas_Terbuka/vendor/laravel/framework/src/Illuminate/Database/Query/Builder.php(3118): Illuminate\\Database\\Query\\Builder->runSelect()
#14 /www/wwwroot/salutbagansiapiapi.com/Universitas_Terbuka/vendor/laravel/framework/src/Illuminate/Database/Query/Builder.php(3706): Illuminate\\Database\\Query\\Builder->Illuminate\\Database\\Query\\{closure}()
#15 /www/wwwroot/salutbagansiapiapi.com/Universitas_Terbuka/vendor/laravel/framework/src/Illuminate/Database/Query/Builder.php(3117): Illuminate\\Database\\Query\\Builder->onceWithColumns()
#16 /www/wwwroot/salutbagansiapiapi.com/Universitas_Terbuka/vendor/laravel/framework/src/Illuminate/Database/Query/Builder.php(3633): Illuminate\\Database\\Query\\Builder->get()
#17 /www/wwwroot/salutbagansiapiapi.com/Universitas_Terbuka/vendor/laravel/framework/src/Illuminate/Database/Query/Builder.php(3561): Illuminate\\Database\\Query\\Builder->aggregate()
#18 /www/wwwroot/salutbagansiapiapi.com/Universitas_Terbuka/vendor/laravel/framework/src/Illuminate/Database/Eloquent/Builder.php(2099): Illuminate\\Database\\Query\\Builder->count()
#19 /www/wwwroot/salutbagansiapiapi.com/Universitas_Terbuka/vendor/laravel/framework/src/Illuminate/Support/Traits/ForwardsCalls.php(23): Illuminate\\Database\\Eloquent\\Builder->__call()
#20 /www/wwwroot/salutbagansiapiapi.com/Universitas_Terbuka/vendor/laravel/framework/src/Illuminate/Database/Eloquent/Model.php(2368): Illuminate\\Database\\Eloquent\\Model->forwardCallTo()
#21 /www/wwwroot/salutbagansiapiapi.com/Universitas_Terbuka/vendor/laravel/framework/src/Illuminate/Database/Eloquent/Model.php(2380): Illuminate\\Database\\Eloquent\\Model->__call()
#22 /www/wwwroot/salutbagansiapiapi.com/Universitas_Terbuka/app/Http/Controllers/LandingController.php(16): Illuminate\\Database\\Eloquent\\Model::__callStatic()
#23 /www/wwwroot/salutbagansiapiapi.com/Universitas_Terbuka/vendor/laravel/framework/src/Illuminate/Routing/ControllerDispatcher.php(47): App\\Http\\Controllers\\LandingController->index()
#24 /www/wwwroot/salutbagansiapiapi.com/Universitas_Terbuka/vendor/laravel/framework/src/Illuminate/Routing/Route.php(266): Illuminate\\Routing\\ControllerDispatcher->dispatch()
#25 /www/wwwroot/salutbagansiapiapi.com/Universitas_Terbuka/vendor/laravel/framework/src/Illuminate/Routing/Route.php(212): Illuminate\\Routing\\Route->runController()
#26 /www/wwwroot/salutbagansiapiapi.com/Universitas_Terbuka/vendor/laravel/framework/src/Illuminate/Routing/Router.php(808): Illuminate\\Routing\\Route->run()
#27 /www/wwwroot/salutbagansiapiapi.com/Universitas_Terbuka/vendor/laravel/framework/src/Illuminate/Pipeline/Pipeline.php(170): Illuminate\\Routing\\Router->Illuminate\\Routing\\{closure}()
#28 /www/wwwroot/salutbagansiapiapi.com/Universitas_Terbuka/vendor/laravel/framework/src/Illuminate/Routing/Middleware/SubstituteBindings.php(51): Illuminate\\Pipeline\\Pipeline->Illuminate\\Pipeline\\{closure}()
#29 /www/wwwroot/salutbagansiapiapi.com/Universitas_Terbuka/vendor/laravel/framework/src/Illuminate/Pipeline/Pipeline.php(209): Illuminate\\Routing\\Middleware\\SubstituteBindings->handle()
#30 /www/wwwroot/salutbagansiapiapi.com/Universitas_Terbuka/vendor/laravel/framework/src/Illuminate/Foundation/Http/Middleware/VerifyCsrfToken.php(88): Illuminate\\Pipeline\\Pipeline->Illuminate\\Pipeline\\{closure}()
#31 /www/wwwroot/salutbagansiapiapi.com/Universitas_Terbuka/vendor/laravel/framework/src/Illuminate/Pipeline/Pipeline.php(209): Illuminate\\Foundation\\Http\\Middleware\\VerifyCsrfToken->handle()
#32 /www/wwwroot/salutbagansiapiapi.com/Universitas_Terbuka/vendor/laravel/framework/src/Illuminate/View/Middleware/ShareErrorsFromSession.php(49): Illuminate\\Pipeline\\Pipeline->Illuminate\\Pipeline\\{closure}()
#33 /www/wwwroot/salutbagansiapiapi.com/Universitas_Terbuka/vendor/laravel/framework/src/Illuminate/Pipeline/Pipeline.php(209): Illuminate\\View\\Middleware\\ShareErrorsFromSession->handle()
#34 /www/wwwroot/salutbagansiapiapi.com/Universitas_Terbuka/vendor/laravel/framework/src/Illuminate/Session/Middleware/StartSession.php(121): Illuminate\\Pipeline\\Pipeline->Illuminate\\Pipeline\\{closure}()
#35 /www/wwwroot/salutbagansiapiapi.com/Universitas_Terbuka/vendor/laravel/framework/src/Illuminate/Session/Middleware/StartSession.php(64): Illuminate\\Session\\Middleware\\StartSession->handleStatefulRequest()
#36 /www/wwwroot/salutbagansiapiapi.com/Universitas_Terbuka/vendor/laravel/framework/src/Illuminate/Pipeline/Pipeline.php(209): Illuminate\\Session\\Middleware\\StartSession->handle()
#37 /www/wwwroot/salutbagansiapiapi.com/Universitas_Terbuka/vendor/laravel/framework/src/Illuminate/Cookie/Middleware/AddQueuedCookiesToResponse.php(37): Illuminate\\Pipeline\\Pipeline->Illuminate\\Pipeline\\{closure}()
#38 /www/wwwroot/salutbagansiapiapi.com/Universitas_Terbuka/vendor/laravel/framework/src/Illuminate/Pipeline/Pipeline.php(209): Illuminate\\Cookie\\Middleware\\AddQueuedCookiesToResponse->handle()
#39 /www/wwwroot/salutbagansiapiapi.com/Universitas_Terbuka/vendor/laravel/framework/src/Illuminate/Cookie/Middleware/EncryptCookies.php(75): Illuminate\\Pipeline\\Pipeline->Illuminate\\Pipeline\\{closure}()
#40 /www/wwwroot/salutbagansiapiapi.com/Universitas_Terbuka/vendor/laravel/framework/src/Illuminate/Pipeline/Pipeline.php(209): Illuminate\\Cookie\\Middleware\\EncryptCookies->handle()
#41 /www/wwwroot/salutbagansiapiapi.com/Universitas_Terbuka/vendor/laravel/framework/src/Illuminate/Pipeline/Pipeline.php(127): Illuminate\\Pipeline\\Pipeline->Illuminate\\Pipeline\\{closure}()
#42 /www/wwwroot/salutbagansiapiapi.com/Universitas_Terbuka/vendor/laravel/framework/src/Illuminate/Routing/Router.php(807): Illuminate\\Pipeline\\Pipeline->then()
#43 /www/wwwroot/salutbagansiapiapi.com/Universitas_Terbuka/vendor/laravel/framework/src/Illuminate/Routing/Router.php(786): Illuminate\\Routing\\Router->runRouteWithinStack()
#44 /www/wwwroot/salutbagansiapiapi.com/Universitas_Terbuka/vendor/laravel/framework/src/Illuminate/Routing/Router.php(750): Illuminate\\Routing\\Router->runRoute()
#45 /www/wwwroot/salutbagansiapiapi.com/Universitas_Terbuka/vendor/laravel/framework/src/Illuminate/Routing/Router.php(739): Illuminate\\Routing\\Router->dispatchToRoute()
#46 /www/wwwroot/salutbagansiapiapi.com/Universitas_Terbuka/vendor/laravel/framework/src/Illuminate/Foundation/Http/Kernel.php(201): Illuminate\\Routing\\Router->dispatch()
#47 /www/wwwroot/salutbagansiapiapi.com/Universitas_Terbuka/vendor/laravel/framework/src/Illuminate/Pipeline/Pipeline.php(170): Illuminate\\Foundation\\Http\\Kernel->Illuminate\\Foundation\\Http\\{closure}()
#48 /www/wwwroot/salutbagansiapiapi.com/Universitas_Terbuka/vendor/laravel/framework/src/Illuminate/Foundation/Http/Middleware/TransformsRequest.php(21): Illuminate\\Pipeline\\Pipeline->Illuminate\\Pipeline\\{closure}()
#49 /www/wwwroot/salutbagansiapiapi.com/Universitas_Terbuka/vendor/laravel/framework/src/Illuminate/Foundation/Http/Middleware/ConvertEmptyStringsToNull.php(31): Illuminate\\Foundation\\Http\\Middleware\\TransformsRequest->handle()
#50 /www/wwwroot/salutbagansiapiapi.com/Universitas_Terbuka/vendor/laravel/framework/src/Illuminate/Pipeline/Pipeline.php(209): Illuminate\\Foundation\\Http\\Middleware\\ConvertEmptyStringsToNull->handle()
#51 /www/wwwroot/salutbagansiapiapi.com/Universitas_Terbuka/vendor/laravel/framework/src/Illuminate/Foundation/Http/Middleware/TransformsRequest.php(21): Illuminate\\Pipeline\\Pipeline->Illuminate\\Pipeline\\{closure}()
#52 /www/wwwroot/salutbagansiapiapi.com/Universitas_Terbuka/vendor/laravel/framework/src/Illuminate/Foundation/Http/Middleware/TrimStrings.php(51): Illuminate\\Foundation\\Http\\Middleware\\TransformsRequest->handle()
#53 /www/wwwroot/salutbagansiapiapi.com/Universitas_Terbuka/vendor/laravel/framework/src/Illuminate/Pipeline/Pipeline.php(209): Illuminate\\Foundation\\Http\\Middleware\\TrimStrings->handle()
#54 /www/wwwroot/salutbagansiapiapi.com/Universitas_Terbuka/vendor/laravel/framework/src/Illuminate/Http/Middleware/ValidatePostSize.php(27): Illuminate\\Pipeline\\Pipeline->Illuminate\\Pipeline\\{closure}()
#55 /www/wwwroot/salutbagansiapiapi.com/Universitas_Terbuka/vendor/laravel/framework/src/Illuminate/Pipeline/Pipeline.php(209): Illuminate\\Http\\Middleware\\ValidatePostSize->handle()
#56 /www/wwwroot/salutbagansiapiapi.com/Universitas_Terbuka/vendor/laravel/framework/src/Illuminate/Foundation/Http/Middleware/PreventRequestsDuringMaintenance.php(110): Illuminate\\Pipeline\\Pipeline->Illuminate\\Pipeline\\{closure}()
#57 /www/wwwroot/salutbagansiapiapi.com/Universitas_Terbuka/vendor/laravel/framework/src/Illuminate/Pipeline/Pipeline.php(209): Illuminate\\Foundation\\Http\\Middleware\\PreventRequestsDuringMaintenance->handle()
#58 /www/wwwroot/salutbagansiapiapi.com/Universitas_Terbuka/vendor/laravel/framework/src/Illuminate/Http/Middleware/HandleCors.php(49): Illuminate\\Pipeline\\Pipeline->Illuminate\\Pipeline\\{closure}()
#59 /www/wwwroot/salutbagansiapiapi.com/Universitas_Terbuka/vendor/laravel/framework/src/Illuminate/Pipeline/Pipeline.php(209): Illuminate\\Http\\Middleware\\HandleCors->handle()
#60 /www/wwwroot/salutbagansiapiapi.com/Universitas_Terbuka/vendor/laravel/framework/src/Illuminate/Http/Middleware/TrustProxies.php(58): Illuminate\\Pipeline\\Pipeline->Illuminate\\Pipeline\\{closure}()
#61 /www/wwwroot/salutbagansiapiapi.com/Universitas_Terbuka/vendor/laravel/framework/src/Illuminate/Pipeline/Pipeline.php(209): Illuminate\\Http\\Middleware\\TrustProxies->handle()
#62 /www/wwwroot/salutbagansiapiapi.com/Universitas_Terbuka/vendor/laravel/framework/src/Illuminate/Foundation/Http/Middleware/InvokeDeferredCallbacks.php(22): Illuminate\\Pipeline\\Pipeline->Illuminate\\Pipeline\\{closure}()
#63 /www/wwwroot/salutbagansiapiapi.com/Universitas_Terbuka/vendor/laravel/framework/src/Illuminate/Pipeline/Pipeline.php(209): Illuminate\\Foundation\\Http\\Middleware\\InvokeDeferredCallbacks->handle()
#64 /www/wwwroot/salutbagansiapiapi.com/Universitas_Terbuka/vendor/laravel/framework/src/Illuminate/Pipeline/Pipeline.php(127): Illuminate\\Pipeline\\Pipeline->Illuminate\\Pipeline\\{closure}()
#65 /www/wwwroot/salutbagansiapiapi.com/Universitas_Terbuka/vendor/laravel/framework/src/Illuminate/Foundation/Http/Kernel.php(176): Illuminate\\Pipeline\\Pipeline->then()
#66 /www/wwwroot/salutbagansiapiapi.com/Universitas_Terbuka/vendor/laravel/framework/src/Illuminate/Foundation/Http/Kernel.php(145): Illuminate\\Foundation\\Http\\Kernel->sendRequestThroughRouter()
#67 /www/wwwroot/salutbagansiapiapi.com/Universitas_Terbuka/vendor/laravel/framework/src/Illuminate/Foundation/Application.php(1216): Illuminate\\Foundation\\Http\\Kernel->handle()
#68 /www/wwwroot/salutbagansiapiapi.com/Universitas_Terbuka/public/index.php(17): Illuminate\\Foundation\\Application->handleRequest()
#69 {main}
"} 
[2025-10-19 08:57:47] local.ERROR: file_put_contents(D:\Project UT\Universitas_Terbuka\storage\framework/sessions/l54ZYTIs7nCO3GGKKcM5EM2OuwC1Vu7ZIdIIiXJf): Failed to open stream: No such file or directory {"exception":"[object] (ErrorException(code: 0): file_put_contents(D:\\Project UT\\Universitas_Terbuka\\storage\\framework/sessions/l54ZYTIs7nCO3GGKKcM5EM2OuwC1Vu7ZIdIIiXJf): Failed to open stream: No such file or directory at /www/wwwroot/salutbagansiapiapi.com/Universitas_Terbuka/vendor/laravel/framework/src/Illuminate/Filesystem/Filesystem.php:204)
[stacktrace]
#0 /www/wwwroot/salutbagansiapiapi.com/Universitas_Terbuka/vendor/laravel/framework/src/Illuminate/Foundation/Bootstrap/HandleExceptions.php(256): Illuminate\\Foundation\\Bootstrap\\HandleExceptions->handleError()
#1 [internal function]: Illuminate\\Foundation\\Bootstrap\\HandleExceptions->Illuminate\\Foundation\\Bootstrap\\{closure}()
#2 /www/wwwroot/salutbagansiapiapi.com/Universitas_Terbuka/vendor/laravel/framework/src/Illuminate/Filesystem/Filesystem.php(204): file_put_contents()
#3 /www/wwwroot/salutbagansiapiapi.com/Universitas_Terbuka/vendor/laravel/framework/src/Illuminate/Session/FileSessionHandler.php(90): Illuminate\\Filesystem\\Filesystem->put()
#4 /www/wwwroot/salutbagansiapiapi.com/Universitas_Terbuka/vendor/laravel/framework/src/Illuminate/Session/Store.php(176): Illuminate\\Session\\FileSessionHandler->write()
#5 /www/wwwroot/salutbagansiapiapi.com/Universitas_Terbuka/vendor/laravel/framework/src/Illuminate/Session/Middleware/StartSession.php(245): Illuminate\\Session\\Store->save()
#6 /www/wwwroot/salutbagansiapiapi.com/Universitas_Terbuka/vendor/laravel/framework/src/Illuminate/Session/Middleware/StartSession.php(130): Illuminate\\Session\\Middleware\\StartSession->saveSession()
#7 /www/wwwroot/salutbagansiapiapi.com/Universitas_Terbuka/vendor/laravel/framework/src/Illuminate/Session/Middleware/StartSession.php(64): Illuminate\\Session\\Middleware\\StartSession->handleStatefulRequest()
#8 /www/wwwroot/salutbagansiapiapi.com/Universitas_Terbuka/vendor/laravel/framework/src/Illuminate/Pipeline/Pipeline.php(209): Illuminate\\Session\\Middleware\\StartSession->handle()
#9 /www/wwwroot/salutbagansiapiapi.com/Universitas_Terbuka/vendor/laravel/framework/src/Illuminate/Cookie/Middleware/AddQueuedCookiesToResponse.php(37): Illuminate\\Pipeline\\Pipeline->Illuminate\\Pipeline\\{closure}()
#10 /www/wwwroot/salutbagansiapiapi.com/Universitas_Terbuka/vendor/laravel/framework/src/Illuminate/Pipeline/Pipeline.php(209): Illuminate\\Cookie\\Middleware\\AddQueuedCookiesToResponse->handle()
#11 /www/wwwroot/salutbagansiapiapi.com/Universitas_Terbuka/vendor/laravel/framework/src/Illuminate/Cookie/Middleware/EncryptCookies.php(75): Illuminate\\Pipeline\\Pipeline->Illuminate\\Pipeline\\{closure}()
#12 /www/wwwroot/salutbagansiapiapi.com/Universitas_Terbuka/vendor/laravel/framework/src/Illuminate/Pipeline/Pipeline.php(209): Illuminate\\Cookie\\Middleware\\EncryptCookies->handle()
#13 /www/wwwroot/salutbagansiapiapi.com/Universitas_Terbuka/vendor/laravel/framework/src/Illuminate/Pipeline/Pipeline.php(127): Illuminate\\Pipeline\\Pipeline->Illuminate\\Pipeline\\{closure}()
#14 /www/wwwroot/salutbagansiapiapi.com/Universitas_Terbuka/vendor/laravel/framework/src/Illuminate/Routing/Router.php(807): Illuminate\\Pipeline\\Pipeline->then()
#15 /www/wwwroot/salutbagansiapiapi.com/Universitas_Terbuka/vendor/laravel/framework/src/Illuminate/Routing/Router.php(786): Illuminate\\Routing\\Router->runRouteWithinStack()
#16 /www/wwwroot/salutbagansiapiapi.com/Universitas_Terbuka/vendor/laravel/framework/src/Illuminate/Routing/Router.php(750): Illuminate\\Routing\\Router->runRoute()
#17 /www/wwwroot/salutbagansiapiapi.com/Universitas_Terbuka/vendor/laravel/framework/src/Illuminate/Routing/Router.php(739): Illuminate\\Routing\\Router->dispatchToRoute()
#18 /www/wwwroot/salutbagansiapiapi.com/Universitas_Terbuka/vendor/laravel/framework/src/Illuminate/Foundation/Http/Kernel.php(201): Illuminate\\Routing\\Router->dispatch()
#19 /www/wwwroot/salutbagansiapiapi.com/Universitas_Terbuka/vendor/laravel/framework/src/Illuminate/Pipeline/Pipeline.php(170): Illuminate\\Foundation\\Http\\Kernel->Illuminate\\Foundation\\Http\\{closure}()
#20 /www/wwwroot/salutbagansiapiapi.com/Universitas_Terbuka/vendor/laravel/framework/src/Illuminate/Foundation/Http/Middleware/TransformsRequest.php(21): Illuminate\\Pipeline\\Pipeline->Illuminate\\Pipeline\\{closure}()
#21 /www/wwwroot/salutbagansiapiapi.com/Universitas_Terbuka/vendor/laravel/framework/src/Illuminate/Foundation/Http/Middleware/ConvertEmptyStringsToNull.php(31): Illuminate\\Foundation\\Http\\Middleware\\TransformsRequest->handle()
#22 /www/wwwroot/salutbagansiapiapi.com/Universitas_Terbuka/vendor/laravel/framework/src/Illuminate/Pipeline/Pipeline.php(209): Illuminate\\Foundation\\Http\\Middleware\\ConvertEmptyStringsToNull->handle()
#23 /www/wwwroot/salutbagansiapiapi.com/Universitas_Terbuka/vendor/laravel/framework/src/Illuminate/Foundation/Http/Middleware/TransformsRequest.php(21): Illuminate\\Pipeline\\Pipeline->Illuminate\\Pipeline\\{closure}()
#24 /www/wwwroot/salutbagansiapiapi.com/Universitas_Terbuka/vendor/laravel/framework/src/Illuminate/Foundation/Http/Middleware/TrimStrings.php(51): Illuminate\\Foundation\\Http\\Middleware\\TransformsRequest->handle()
#25 /www/wwwroot/salutbagansiapiapi.com/Universitas_Terbuka/vendor/laravel/framework/src/Illuminate/Pipeline/Pipeline.php(209): Illuminate\\Foundation\\Http\\Middleware\\TrimStrings->handle()
#26 /www/wwwroot/salutbagansiapiapi.com/Universitas_Terbuka/vendor/laravel/framework/src/Illuminate/Http/Middleware/ValidatePostSize.php(27): Illuminate\\Pipeline\\Pipeline->Illuminate\\Pipeline\\{closure}()
#27 /www/wwwroot/salutbagansiapiapi.com/Universitas_Terbuka/vendor/laravel/framework/src/Illuminate/Pipeline/Pipeline.php(209): Illuminate\\Http\\Middleware\\ValidatePostSize->handle()
#28 /www/wwwroot/salutbagansiapiapi.com/Universitas_Terbuka/vendor/laravel/framework/src/Illuminate/Foundation/Http/Middleware/PreventRequestsDuringMaintenance.php(110): Illuminate\\Pipeline\\Pipeline->Illuminate\\Pipeline\\{closure}()
#29 /www/wwwroot/salutbagansiapiapi.com/Universitas_Terbuka/vendor/laravel/framework/src/Illuminate/Pipeline/Pipeline.php(209): Illuminate\\Foundation\\Http\\Middleware\\PreventRequestsDuringMaintenance->handle()
#30 /www/wwwroot/salutbagansiapiapi.com/Universitas_Terbuka/vendor/laravel/framework/src/Illuminate/Http/Middleware/HandleCors.php(49): Illuminate\\Pipeline\\Pipeline->Illuminate\\Pipeline\\{closure}()
#31 /www/wwwroot/salutbagansiapiapi.com/Universitas_Terbuka/vendor/laravel/framework/src/Illuminate/Pipeline/Pipeline.php(209): Illuminate\\Http\\Middleware\\HandleCors->handle()
#32 /www/wwwroot/salutbagansiapiapi.com/Universitas_Terbuka/vendor/laravel/framework/src/Illuminate/Http/Middleware/TrustProxies.php(58): Illuminate\\Pipeline\\Pipeline->Illuminate\\Pipeline\\{closure}()
#33 /www/wwwroot/salutbagansiapiapi.com/Universitas_Terbuka/vendor/laravel/framework/src/Illuminate/Pipeline/Pipeline.php(209): Illuminate\\Http\\Middleware\\TrustProxies->handle()
#34 /www/wwwroot/salutbagansiapiapi.com/Universitas_Terbuka/vendor/laravel/framework/src/Illuminate/Foundation/Http/Middleware/InvokeDeferredCallbacks.php(22): Illuminate\\Pipeline\\Pipeline->Illuminate\\Pipeline\\{closure}()
#35 /www/wwwroot/salutbagansiapiapi.com/Universitas_Terbuka/vendor/laravel/framework/src/Illuminate/Pipeline/Pipeline.php(209): Illuminate\\Foundation\\Http\\Middleware\\InvokeDeferredCallbacks->handle()
#36 /www/wwwroot/salutbagansiapiapi.com/Universitas_Terbuka/vendor/laravel/framework/src/Illuminate/Pipeline/Pipeline.php(127): Illuminate\\Pipeline\\Pipeline->Illuminate\\Pipeline\\{closure}()
#37 /www/wwwroot/salutbagansiapiapi.com/Universitas_Terbuka/vendor/laravel/framework/src/Illuminate/Foundation/Http/Kernel.php(176): Illuminate\\Pipeline\\Pipeline->then()
#38 /www/wwwroot/salutbagansiapiapi.com/Universitas_Terbuka/vendor/laravel/framework/src/Illuminate/Foundation/Http/Kernel.php(145): Illuminate\\Foundation\\Http\\Kernel->sendRequestThroughRouter()
#39 /www/wwwroot/salutbagansiapiapi.com/Universitas_Terbuka/vendor/laravel/framework/src/Illuminate/Foundation/Application.php(1216): Illuminate\\Foundation\\Http\\Kernel->handle()
#40 /www/wwwroot/salutbagansiapiapi.com/Universitas_Terbuka/public/index.php(17): Illuminate\\Foundation\\Application->handleRequest()
#41 {main}
"} 
[2025-10-19 08:58:01] local.ERROR: SQLSTATE[HY000] [1045] Access denied for user 'root'@'localhost' (using password: NO) (Connection: mysql, SQL: select count(*) as aggregate from `fakultas`) {"exception":"[object] (Illuminate\\Database\\QueryException(code: 1045): SQLSTATE[HY000] [1045] Access denied for user 'root'@'localhost' (using password: NO) (Connection: mysql, SQL: select count(*) as aggregate from `fakultas`) at /www/wwwroot/salutbagansiapiapi.com/Universitas_Terbuka/vendor/laravel/framework/src/Illuminate/Database/Connection.php:825)
[stacktrace]
#0 /www/wwwroot/salutbagansiapiapi.com/Universitas_Terbuka/vendor/laravel/framework/src/Illuminate/Database/Connection.php(779): Illuminate\\Database\\Connection->runQueryCallback()
#1 /www/wwwroot/salutbagansiapiapi.com/Universitas_Terbuka/vendor/laravel/framework/src/Illuminate/Database/Connection.php(398): Illuminate\\Database\\Connection->run()
#2 /www/wwwroot/salutbagansiapiapi.com/Universitas_Terbuka/vendor/laravel/framework/src/Illuminate/Database/Query/Builder.php(3133): Illuminate\\Database\\Connection->select()
#3 /www/wwwroot/salutbagansiapiapi.com/Universitas_Terbuka/vendor/laravel/framework/src/Illuminate/Database/Query/Builder.php(3118): Illuminate\\Database\\Query\\Builder->runSelect()
#4 /www/wwwroot/salutbagansiapiapi.com/Universitas_Terbuka/vendor/laravel/framework/src/Illuminate/Database/Query/Builder.php(3706): Illuminate\\Database\\Query\\Builder->Illuminate\\Database\\Query\\{closure}()
#5 /www/wwwroot/salutbagansiapiapi.com/Universitas_Terbuka/vendor/laravel/framework/src/Illuminate/Database/Query/Builder.php(3117): Illuminate\\Database\\Query\\Builder->onceWithColumns()
#6 /www/wwwroot/salutbagansiapiapi.com/Universitas_Terbuka/vendor/laravel/framework/src/Illuminate/Database/Query/Builder.php(3633): Illuminate\\Database\\Query\\Builder->get()
#7 /www/wwwroot/salutbagansiapiapi.com/Universitas_Terbuka/vendor/laravel/framework/src/Illuminate/Database/Query/Builder.php(3561): Illuminate\\Database\\Query\\Builder->aggregate()
#8 /www/wwwroot/salutbagansiapiapi.com/Universitas_Terbuka/vendor/laravel/framework/src/Illuminate/Database/Eloquent/Builder.php(2099): Illuminate\\Database\\Query\\Builder->count()
#9 /www/wwwroot/salutbagansiapiapi.com/Universitas_Terbuka/vendor/laravel/framework/src/Illuminate/Support/Traits/ForwardsCalls.php(23): Illuminate\\Database\\Eloquent\\Builder->__call()
#10 /www/wwwroot/salutbagansiapiapi.com/Universitas_Terbuka/vendor/laravel/framework/src/Illuminate/Database/Eloquent/Model.php(2368): Illuminate\\Database\\Eloquent\\Model->forwardCallTo()
#11 /www/wwwroot/salutbagansiapiapi.com/Universitas_Terbuka/vendor/laravel/framework/src/Illuminate/Database/Eloquent/Model.php(2380): Illuminate\\Database\\Eloquent\\Model->__call()
#12 /www/wwwroot/salutbagansiapiapi.com/Universitas_Terbuka/app/Http/Controllers/LandingController.php(16): Illuminate\\Database\\Eloquent\\Model::__callStatic()
#13 /www/wwwroot/salutbagansiapiapi.com/Universitas_Terbuka/vendor/laravel/framework/src/Illuminate/Routing/ControllerDispatcher.php(47): App\\Http\\Controllers\\LandingController->index()
#14 /www/wwwroot/salutbagansiapiapi.com/Universitas_Terbuka/vendor/laravel/framework/src/Illuminate/Routing/Route.php(266): Illuminate\\Routing\\ControllerDispatcher->dispatch()
#15 /www/wwwroot/salutbagansiapiapi.com/Universitas_Terbuka/vendor/laravel/framework/src/Illuminate/Routing/Route.php(212): Illuminate\\Routing\\Route->runController()
#16 /www/wwwroot/salutbagansiapiapi.com/Universitas_Terbuka/vendor/laravel/framework/src/Illuminate/Routing/Router.php(808): Illuminate\\Routing\\Route->run()
#17 /www/wwwroot/salutbagansiapiapi.com/Universitas_Terbuka/vendor/laravel/framework/src/Illuminate/Pipeline/Pipeline.php(170): Illuminate\\Routing\\Router->Illuminate\\Routing\\{closure}()
#18 /www/wwwroot/salutbagansiapiapi.com/Universitas_Terbuka/vendor/laravel/framework/src/Illuminate/Routing/Middleware/SubstituteBindings.php(51): Illuminate\\Pipeline\\Pipeline->Illuminate\\Pipeline\\{closure}()
#19 /www/wwwroot/salutbagansiapiapi.com/Universitas_Terbuka/vendor/laravel/framework/src/Illuminate/Pipeline/Pipeline.php(209): Illuminate\\Routing\\Middleware\\SubstituteBindings->handle()
#20 /www/wwwroot/salutbagansiapiapi.com/Universitas_Terbuka/vendor/laravel/framework/src/Illuminate/Foundation/Http/Middleware/VerifyCsrfToken.php(88): Illuminate\\Pipeline\\Pipeline->Illuminate\\Pipeline\\{closure}()
#21 /www/wwwroot/salutbagansiapiapi.com/Universitas_Terbuka/vendor/laravel/framework/src/Illuminate/Pipeline/Pipeline.php(209): Illuminate\\Foundation\\Http\\Middleware\\VerifyCsrfToken->handle()
#22 /www/wwwroot/salutbagansiapiapi.com/Universitas_Terbuka/vendor/laravel/framework/src/Illuminate/View/Middleware/ShareErrorsFromSession.php(49): Illuminate\\Pipeline\\Pipeline->Illuminate\\Pipeline\\{closure}()
#23 /www/wwwroot/salutbagansiapiapi.com/Universitas_Terbuka/vendor/laravel/framework/src/Illuminate/Pipeline/Pipeline.php(209): Illuminate\\View\\Middleware\\ShareErrorsFromSession->handle()
#24 /www/wwwroot/salutbagansiapiapi.com/Universitas_Terbuka/vendor/laravel/framework/src/Illuminate/Session/Middleware/StartSession.php(121): Illuminate\\Pipeline\\Pipeline->Illuminate\\Pipeline\\{closure}()
#25 /www/wwwroot/salutbagansiapiapi.com/Universitas_Terbuka/vendor/laravel/framework/src/Illuminate/Session/Middleware/StartSession.php(64): Illuminate\\Session\\Middleware\\StartSession->handleStatefulRequest()
#26 /www/wwwroot/salutbagansiapiapi.com/Universitas_Terbuka/vendor/laravel/framework/src/Illuminate/Pipeline/Pipeline.php(209): Illuminate\\Session\\Middleware\\StartSession->handle()
#27 /www/wwwroot/salutbagansiapiapi.com/Universitas_Terbuka/vendor/laravel/framework/src/Illuminate/Cookie/Middleware/AddQueuedCookiesToResponse.php(37): Illuminate\\Pipeline\\Pipeline->Illuminate\\Pipeline\\{closure}()
#28 /www/wwwroot/salutbagansiapiapi.com/Universitas_Terbuka/vendor/laravel/framework/src/Illuminate/Pipeline/Pipeline.php(209): Illuminate\\Cookie\\Middleware\\AddQueuedCookiesToResponse->handle()
#29 /www/wwwroot/salutbagansiapiapi.com/Universitas_Terbuka/vendor/laravel/framework/src/Illuminate/Cookie/Middleware/EncryptCookies.php(75): Illuminate\\Pipeline\\Pipeline->Illuminate\\Pipeline\\{closure}()
#30 /www/wwwroot/salutbagansiapiapi.com/Universitas_Terbuka/vendor/laravel/framework/src/Illuminate/Pipeline/Pipeline.php(209): Illuminate\\Cookie\\Middleware\\EncryptCookies->handle()
#31 /www/wwwroot/salutbagansiapiapi.com/Universitas_Terbuka/vendor/laravel/framework/src/Illuminate/Pipeline/Pipeline.php(127): Illuminate\\Pipeline\\Pipeline->Illuminate\\Pipeline\\{closure}()
#32 /www/wwwroot/salutbagansiapiapi.com/Universitas_Terbuka/vendor/laravel/framework/src/Illuminate/Routing/Router.php(807): Illuminate\\Pipeline\\Pipeline->then()
#33 /www/wwwroot/salutbagansiapiapi.com/Universitas_Terbuka/vendor/laravel/framework/src/Illuminate/Routing/Router.php(786): Illuminate\\Routing\\Router->runRouteWithinStack()
#34 /www/wwwroot/salutbagansiapiapi.com/Universitas_Terbuka/vendor/laravel/framework/src/Illuminate/Routing/Router.php(750): Illuminate\\Routing\\Router->runRoute()
#35 /www/wwwroot/salutbagansiapiapi.com/Universitas_Terbuka/vendor/laravel/framework/src/Illuminate/Routing/Router.php(739): Illuminate\\Routing\\Router->dispatchToRoute()
#36 /www/wwwroot/salutbagansiapiapi.com/Universitas_Terbuka/vendor/laravel/framework/src/Illuminate/Foundation/Http/Kernel.php(201): Illuminate\\Routing\\Router->dispatch()
#37 /www/wwwroot/salutbagansiapiapi.com/Universitas_Terbuka/vendor/laravel/framework/src/Illuminate/Pipeline/Pipeline.php(170): Illuminate\\Foundation\\Http\\Kernel->Illuminate\\Foundation\\Http\\{closure}()
#38 /www/wwwroot/salutbagansiapiapi.com/Universitas_Terbuka/vendor/laravel/framework/src/Illuminate/Foundation/Http/Middleware/TransformsRequest.php(21): Illuminate\\Pipeline\\Pipeline->Illuminate\\Pipeline\\{closure}()
#39 /www/wwwroot/salutbagansiapiapi.com/Universitas_Terbuka/vendor/laravel/framework/src/Illuminate/Foundation/Http/Middleware/ConvertEmptyStringsToNull.php(31): Illuminate\\Foundation\\Http\\Middleware\\TransformsRequest->handle()
#40 /www/wwwroot/salutbagansiapiapi.com/Universitas_Terbuka/vendor/laravel/framework/src/Illuminate/Pipeline/Pipeline.php(209): Illuminate\\Foundation\\Http\\Middleware\\ConvertEmptyStringsToNull->handle()
#41 /www/wwwroot/salutbagansiapiapi.com/Universitas_Terbuka/vendor/laravel/framework/src/Illuminate/Foundation/Http/Middleware/TransformsRequest.php(21): Illuminate\\Pipeline\\Pipeline->Illuminate\\Pipeline\\{closure}()
#42 /www/wwwroot/salutbagansiapiapi.com/Universitas_Terbuka/vendor/laravel/framework/src/Illuminate/Foundation/Http/Middleware/TrimStrings.php(51): Illuminate\\Foundation\\Http\\Middleware\\TransformsRequest->handle()
#43 /www/wwwroot/salutbagansiapiapi.com/Universitas_Terbuka/vendor/laravel/framework/src/Illuminate/Pipeline/Pipeline.php(209): Illuminate\\Foundation\\Http\\Middleware\\TrimStrings->handle()
#44 /www/wwwroot/salutbagansiapiapi.com/Universitas_Terbuka/vendor/laravel/framework/src/Illuminate/Http/Middleware/ValidatePostSize.php(27): Illuminate\\Pipeline\\Pipeline->Illuminate\\Pipeline\\{closure}()
#45 /www/wwwroot/salutbagansiapiapi.com/Universitas_Terbuka/vendor/laravel/framework/src/Illuminate/Pipeline/Pipeline.php(209): Illuminate\\Http\\Middleware\\ValidatePostSize->handle()
#46 /www/wwwroot/salutbagansiapiapi.com/Universitas_Terbuka/vendor/laravel/framework/src/Illuminate/Foundation/Http/Middleware/PreventRequestsDuringMaintenance.php(110): Illuminate\\Pipeline\\Pipeline->Illuminate\\Pipeline\\{closure}()
#47 /www/wwwroot/salutbagansiapiapi.com/Universitas_Terbuka/vendor/laravel/framework/src/Illuminate/Pipeline/Pipeline.php(209): Illuminate\\Foundation\\Http\\Middleware\\PreventRequestsDuringMaintenance->handle()
#48 /www/wwwroot/salutbagansiapiapi.com/Universitas_Terbuka/vendor/laravel/framework/src/Illuminate/Http/Middleware/HandleCors.php(49): Illuminate\\Pipeline\\Pipeline->Illuminate\\Pipeline\\{closure}()
#49 /www/wwwroot/salutbagansiapiapi.com/Universitas_Terbuka/vendor/laravel/framework/src/Illuminate/Pipeline/Pipeline.php(209): Illuminate\\Http\\Middleware\\HandleCors->handle()
#50 /www/wwwroot/salutbagansiapiapi.com/Universitas_Terbuka/vendor/laravel/framework/src/Illuminate/Http/Middleware/TrustProxies.php(58): Illuminate\\Pipeline\\Pipeline->Illuminate\\Pipeline\\{closure}()
#51 /www/wwwroot/salutbagansiapiapi.com/Universitas_Terbuka/vendor/laravel/framework/src/Illuminate/Pipeline/Pipeline.php(209): Illuminate\\Http\\Middleware\\TrustProxies->handle()
#52 /www/wwwroot/salutbagansiapiapi.com/Universitas_Terbuka/vendor/laravel/framework/src/Illuminate/Foundation/Http/Middleware/InvokeDeferredCallbacks.php(22): Illuminate\\Pipeline\\Pipeline->Illuminate\\Pipeline\\{closure}()
#53 /www/wwwroot/salutbagansiapiapi.com/Universitas_Terbuka/vendor/laravel/framework/src/Illuminate/Pipeline/Pipeline.php(209): Illuminate\\Foundation\\Http\\Middleware\\InvokeDeferredCallbacks->handle()
#54 /www/wwwroot/salutbagansiapiapi.com/Universitas_Terbuka/vendor/laravel/framework/src/Illuminate/Pipeline/Pipeline.php(127): Illuminate\\Pipeline\\Pipeline->Illuminate\\Pipeline\\{closure}()
#55 /www/wwwroot/salutbagansiapiapi.com/Universitas_Terbuka/vendor/laravel/framework/src/Illuminate/Foundation/Http/Kernel.php(176): Illuminate\\Pipeline\\Pipeline->then()
#56 /www/wwwroot/salutbagansiapiapi.com/Universitas_Terbuka/vendor/laravel/framework/src/Illuminate/Foundation/Http/Kernel.php(145): Illuminate\\Foundation\\Http\\Kernel->sendRequestThroughRouter()
#57 /www/wwwroot/salutbagansiapiapi.com/Universitas_Terbuka/vendor/laravel/framework/src/Illuminate/Foundation/Application.php(1216): Illuminate\\Foundation\\Http\\Kernel->handle()
#58 /www/wwwroot/salutbagansiapiapi.com/Universitas_Terbuka/public/index.php(17): Illuminate\\Foundation\\Application->handleRequest()
#59 {main}

[previous exception] [object] (PDOException(code: 1045): SQLSTATE[HY000] [1045] Access denied for user 'root'@'localhost' (using password: NO) at /www/wwwroot/salutbagansiapiapi.com/Universitas_Terbuka/vendor/laravel/framework/src/Illuminate/Database/Connectors/Connector.php:66)
[stacktrace]
#0 /www/wwwroot/salutbagansiapiapi.com/Universitas_Terbuka/vendor/laravel/framework/src/Illuminate/Database/Connectors/Connector.php(66): PDO->__construct()
#1 /www/wwwroot/salutbagansiapiapi.com/Universitas_Terbuka/vendor/laravel/framework/src/Illuminate/Database/Connectors/Connector.php(44): Illuminate\\Database\\Connectors\\Connector->createPdoConnection()
#2 /www/wwwroot/salutbagansiapiapi.com/Universitas_Terbuka/vendor/laravel/framework/src/Illuminate/Database/Connectors/MySqlConnector.php(24): Illuminate\\Database\\Connectors\\Connector->createConnection()
#3 /www/wwwroot/salutbagansiapiapi.com/Universitas_Terbuka/vendor/laravel/framework/src/Illuminate/Database/Connectors/ConnectionFactory.php(185): Illuminate\\Database\\Connectors\\MySqlConnector->connect()
#4 [internal function]: Illuminate\\Database\\Connectors\\ConnectionFactory->Illuminate\\Database\\Connectors\\{closure}()
#5 /www/wwwroot/salutbagansiapiapi.com/Universitas_Terbuka/vendor/laravel/framework/src/Illuminate/Database/Connection.php(1231): call_user_func()
#6 /www/wwwroot/salutbagansiapiapi.com/Universitas_Terbuka/vendor/laravel/framework/src/Illuminate/Database/Connection.php(1267): Illuminate\\Database\\Connection->getPdo()
#7 /www/wwwroot/salutbagansiapiapi.com/Universitas_Terbuka/vendor/laravel/framework/src/Illuminate/Database/Connection.php(512): Illuminate\\Database\\Connection->getReadPdo()
#8 /www/wwwroot/salutbagansiapiapi.com/Universitas_Terbuka/vendor/laravel/framework/src/Illuminate/Database/Connection.php(407): Illuminate\\Database\\Connection->getPdoForSelect()
#9 /www/wwwroot/salutbagansiapiapi.com/Universitas_Terbuka/vendor/laravel/framework/src/Illuminate/Database/Connection.php(812): Illuminate\\Database\\Connection->Illuminate\\Database\\{closure}()
#10 /www/wwwroot/salutbagansiapiapi.com/Universitas_Terbuka/vendor/laravel/framework/src/Illuminate/Database/Connection.php(779): Illuminate\\Database\\Connection->runQueryCallback()
#11 /www/wwwroot/salutbagansiapiapi.com/Universitas_Terbuka/vendor/laravel/framework/src/Illuminate/Database/Connection.php(398): Illuminate\\Database\\Connection->run()
#12 /www/wwwroot/salutbagansiapiapi.com/Universitas_Terbuka/vendor/laravel/framework/src/Illuminate/Database/Query/Builder.php(3133): Illuminate\\Database\\Connection->select()
#13 /www/wwwroot/salutbagansiapiapi.com/Universitas_Terbuka/vendor/laravel/framework/src/Illuminate/Database/Query/Builder.php(3118): Illuminate\\Database\\Query\\Builder->runSelect()
#14 /www/wwwroot/salutbagansiapiapi.com/Universitas_Terbuka/vendor/laravel/framework/src/Illuminate/Database/Query/Builder.php(3706): Illuminate\\Database\\Query\\Builder->Illuminate\\Database\\Query\\{closure}()
#15 /www/wwwroot/salutbagansiapiapi.com/Universitas_Terbuka/vendor/laravel/framework/src/Illuminate/Database/Query/Builder.php(3117): Illuminate\\Database\\Query\\Builder->onceWithColumns()
#16 /www/wwwroot/salutbagansiapiapi.com/Universitas_Terbuka/vendor/laravel/framework/src/Illuminate/Database/Query/Builder.php(3633): Illuminate\\Database\\Query\\Builder->get()
#17 /www/wwwroot/salutbagansiapiapi.com/Universitas_Terbuka/vendor/laravel/framework/src/Illuminate/Database/Query/Builder.php(3561): Illuminate\\Database\\Query\\Builder->aggregate()
#18 /www/wwwroot/salutbagansiapiapi.com/Universitas_Terbuka/vendor/laravel/framework/src/Illuminate/Database/Eloquent/Builder.php(2099): Illuminate\\Database\\Query\\Builder->count()
#19 /www/wwwroot/salutbagansiapiapi.com/Universitas_Terbuka/vendor/laravel/framework/src/Illuminate/Support/Traits/ForwardsCalls.php(23): Illuminate\\Database\\Eloquent\\Builder->__call()
#20 /www/wwwroot/salutbagansiapiapi.com/Universitas_Terbuka/vendor/laravel/framework/src/Illuminate/Database/Eloquent/Model.php(2368): Illuminate\\Database\\Eloquent\\Model->forwardCallTo()
#21 /www/wwwroot/salutbagansiapiapi.com/Universitas_Terbuka/vendor/laravel/framework/src/Illuminate/Database/Eloquent/Model.php(2380): Illuminate\\Database\\Eloquent\\Model->__call()
#22 /www/wwwroot/salutbagansiapiapi.com/Universitas_Terbuka/app/Http/Controllers/LandingController.php(16): Illuminate\\Database\\Eloquent\\Model::__callStatic()
#23 /www/wwwroot/salutbagansiapiapi.com/Universitas_Terbuka/vendor/laravel/framework/src/Illuminate/Routing/ControllerDispatcher.php(47): App\\Http\\Controllers\\LandingController->index()
#24 /www/wwwroot/salutbagansiapiapi.com/Universitas_Terbuka/vendor/laravel/framework/src/Illuminate/Routing/Route.php(266): Illuminate\\Routing\\ControllerDispatcher->dispatch()
#25 /www/wwwroot/salutbagansiapiapi.com/Universitas_Terbuka/vendor/laravel/framework/src/Illuminate/Routing/Route.php(212): Illuminate\\Routing\\Route->runController()
#26 /www/wwwroot/salutbagansiapiapi.com/Universitas_Terbuka/vendor/laravel/framework/src/Illuminate/Routing/Router.php(808): Illuminate\\Routing\\Route->run()
#27 /www/wwwroot/salutbagansiapiapi.com/Universitas_Terbuka/vendor/laravel/framework/src/Illuminate/Pipeline/Pipeline.php(170): Illuminate\\Routing\\Router->Illuminate\\Routing\\{closure}()
#28 /www/wwwroot/salutbagansiapiapi.com/Universitas_Terbuka/vendor/laravel/framework/src/Illuminate/Routing/Middleware/SubstituteBindings.php(51): Illuminate\\Pipeline\\Pipeline->Illuminate\\Pipeline\\{closure}()
#29 /www/wwwroot/salutbagansiapiapi.com/Universitas_Terbuka/vendor/laravel/framework/src/Illuminate/Pipeline/Pipeline.php(209): Illuminate\\Routing\\Middleware\\SubstituteBindings->handle()
#30 /www/wwwroot/salutbagansiapiapi.com/Universitas_Terbuka/vendor/laravel/framework/src/Illuminate/Foundation/Http/Middleware/VerifyCsrfToken.php(88): Illuminate\\Pipeline\\Pipeline->Illuminate\\Pipeline\\{closure}()
#31 /www/wwwroot/salutbagansiapiapi.com/Universitas_Terbuka/vendor/laravel/framework/src/Illuminate/Pipeline/Pipeline.php(209): Illuminate\\Foundation\\Http\\Middleware\\VerifyCsrfToken->handle()
#32 /www/wwwroot/salutbagansiapiapi.com/Universitas_Terbuka/vendor/laravel/framework/src/Illuminate/View/Middleware/ShareErrorsFromSession.php(49): Illuminate\\Pipeline\\Pipeline->Illuminate\\Pipeline\\{closure}()
#33 /www/wwwroot/salutbagansiapiapi.com/Universitas_Terbuka/vendor/laravel/framework/src/Illuminate/Pipeline/Pipeline.php(209): Illuminate\\View\\Middleware\\ShareErrorsFromSession->handle()
#34 /www/wwwroot/salutbagansiapiapi.com/Universitas_Terbuka/vendor/laravel/framework/src/Illuminate/Session/Middleware/StartSession.php(121): Illuminate\\Pipeline\\Pipeline->Illuminate\\Pipeline\\{closure}()
#35 /www/wwwroot/salutbagansiapiapi.com/Universitas_Terbuka/vendor/laravel/framework/src/Illuminate/Session/Middleware/StartSession.php(64): Illuminate\\Session\\Middleware\\StartSession->handleStatefulRequest()
#36 /www/wwwroot/salutbagansiapiapi.com/Universitas_Terbuka/vendor/laravel/framework/src/Illuminate/Pipeline/Pipeline.php(209): Illuminate\\Session\\Middleware\\StartSession->handle()
#37 /www/wwwroot/salutbagansiapiapi.com/Universitas_Terbuka/vendor/laravel/framework/src/Illuminate/Cookie/Middleware/AddQueuedCookiesToResponse.php(37): Illuminate\\Pipeline\\Pipeline->Illuminate\\Pipeline\\{closure}()
#38 /www/wwwroot/salutbagansiapiapi.com/Universitas_Terbuka/vendor/laravel/framework/src/Illuminate/Pipeline/Pipeline.php(209): Illuminate\\Cookie\\Middleware\\AddQueuedCookiesToResponse->handle()
#39 /www/wwwroot/salutbagansiapiapi.com/Universitas_Terbuka/vendor/laravel/framework/src/Illuminate/Cookie/Middleware/EncryptCookies.php(75): Illuminate\\Pipeline\\Pipeline->Illuminate\\Pipeline\\{closure}()
#40 /www/wwwroot/salutbagansiapiapi.com/Universitas_Terbuka/vendor/laravel/framework/src/Illuminate/Pipeline/Pipeline.php(209): Illuminate\\Cookie\\Middleware\\EncryptCookies->handle()
#41 /www/wwwroot/salutbagansiapiapi.com/Universitas_Terbuka/vendor/laravel/framework/src/Illuminate/Pipeline/Pipeline.php(127): Illuminate\\Pipeline\\Pipeline->Illuminate\\Pipeline\\{closure}()
#42 /www/wwwroot/salutbagansiapiapi.com/Universitas_Terbuka/vendor/laravel/framework/src/Illuminate/Routing/Router.php(807): Illuminate\\Pipeline\\Pipeline->then()
#43 /www/wwwroot/salutbagansiapiapi.com/Universitas_Terbuka/vendor/laravel/framework/src/Illuminate/Routing/Router.php(786): Illuminate\\Routing\\Router->runRouteWithinStack()
#44 /www/wwwroot/salutbagansiapiapi.com/Universitas_Terbuka/vendor/laravel/framework/src/Illuminate/Routing/Router.php(750): Illuminate\\Routing\\Router->runRoute()
#45 /www/wwwroot/salutbagansiapiapi.com/Universitas_Terbuka/vendor/laravel/framework/src/Illuminate/Routing/Router.php(739): Illuminate\\Routing\\Router->dispatchToRoute()
#46 /www/wwwroot/salutbagansiapiapi.com/Universitas_Terbuka/vendor/laravel/framework/src/Illuminate/Foundation/Http/Kernel.php(201): Illuminate\\Routing\\Router->dispatch()
#47 /www/wwwroot/salutbagansiapiapi.com/Universitas_Terbuka/vendor/laravel/framework/src/Illuminate/Pipeline/Pipeline.php(170): Illuminate\\Foundation\\Http\\Kernel->Illuminate\\Foundation\\Http\\{closure}()
#48 /www/wwwroot/salutbagansiapiapi.com/Universitas_Terbuka/vendor/laravel/framework/src/Illuminate/Foundation/Http/Middleware/TransformsRequest.php(21): Illuminate\\Pipeline\\Pipeline->Illuminate\\Pipeline\\{closure}()
#49 /www/wwwroot/salutbagansiapiapi.com/Universitas_Terbuka/vendor/laravel/framework/src/Illuminate/Foundation/Http/Middleware/ConvertEmptyStringsToNull.php(31): Illuminate\\Foundation\\Http\\Middleware\\TransformsRequest->handle()
#50 /www/wwwroot/salutbagansiapiapi.com/Universitas_Terbuka/vendor/laravel/framework/src/Illuminate/Pipeline/Pipeline.php(209): Illuminate\\Foundation\\Http\\Middleware\\ConvertEmptyStringsToNull->handle()
#51 /www/wwwroot/salutbagansiapiapi.com/Universitas_Terbuka/vendor/laravel/framework/src/Illuminate/Foundation/Http/Middleware/TransformsRequest.php(21): Illuminate\\Pipeline\\Pipeline->Illuminate\\Pipeline\\{closure}()
#52 /www/wwwroot/salutbagansiapiapi.com/Universitas_Terbuka/vendor/laravel/framework/src/Illuminate/Foundation/Http/Middleware/TrimStrings.php(51): Illuminate\\Foundation\\Http\\Middleware\\TransformsRequest->handle()
#53 /www/wwwroot/salutbagansiapiapi.com/Universitas_Terbuka/vendor/laravel/framework/src/Illuminate/Pipeline/Pipeline.php(209): Illuminate\\Foundation\\Http\\Middleware\\TrimStrings->handle()
#54 /www/wwwroot/salutbagansiapiapi.com/Universitas_Terbuka/vendor/laravel/framework/src/Illuminate/Http/Middleware/ValidatePostSize.php(27): Illuminate\\Pipeline\\Pipeline->Illuminate\\Pipeline\\{closure}()
#55 /www/wwwroot/salutbagansiapiapi.com/Universitas_Terbuka/vendor/laravel/framework/src/Illuminate/Pipeline/Pipeline.php(209): Illuminate\\Http\\Middleware\\ValidatePostSize->handle()
#56 /www/wwwroot/salutbagansiapiapi.com/Universitas_Terbuka/vendor/laravel/framework/src/Illuminate/Foundation/Http/Middleware/PreventRequestsDuringMaintenance.php(110): Illuminate\\Pipeline\\Pipeline->Illuminate\\Pipeline\\{closure}()
#57 /www/wwwroot/salutbagansiapiapi.com/Universitas_Terbuka/vendor/laravel/framework/src/Illuminate/Pipeline/Pipeline.php(209): Illuminate\\Foundation\\Http\\Middleware\\PreventRequestsDuringMaintenance->handle()
#58 /www/wwwroot/salutbagansiapiapi.com/Universitas_Terbuka/vendor/laravel/framework/src/Illuminate/Http/Middleware/HandleCors.php(49): Illuminate\\Pipeline\\Pipeline->Illuminate\\Pipeline\\{closure}()
#59 /www/wwwroot/salutbagansiapiapi.com/Universitas_Terbuka/vendor/laravel/framework/src/Illuminate/Pipeline/Pipeline.php(209): Illuminate\\Http\\Middleware\\HandleCors->handle()
#60 /www/wwwroot/salutbagansiapiapi.com/Universitas_Terbuka/vendor/laravel/framework/src/Illuminate/Http/Middleware/TrustProxies.php(58): Illuminate\\Pipeline\\Pipeline->Illuminate\\Pipeline\\{closure}()
#61 /www/wwwroot/salutbagansiapiapi.com/Universitas_Terbuka/vendor/laravel/framework/src/Illuminate/Pipeline/Pipeline.php(209): Illuminate\\Http\\Middleware\\TrustProxies->handle()
#62 /www/wwwroot/salutbagansiapiapi.com/Universitas_Terbuka/vendor/laravel/framework/src/Illuminate/Foundation/Http/Middleware/InvokeDeferredCallbacks.php(22): Illuminate\\Pipeline\\Pipeline->Illuminate\\Pipeline\\{closure}()
#63 /www/wwwroot/salutbagansiapiapi.com/Universitas_Terbuka/vendor/laravel/framework/src/Illuminate/Pipeline/Pipeline.php(209): Illuminate\\Foundation\\Http\\Middleware\\InvokeDeferredCallbacks->handle()
#64 /www/wwwroot/salutbagansiapiapi.com/Universitas_Terbuka/vendor/laravel/framework/src/Illuminate/Pipeline/Pipeline.php(127): Illuminate\\Pipeline\\Pipeline->Illuminate\\Pipeline\\{closure}()
#65 /www/wwwroot/salutbagansiapiapi.com/Universitas_Terbuka/vendor/laravel/framework/src/Illuminate/Foundation/Http/Kernel.php(176): Illuminate\\Pipeline\\Pipeline->then()
#66 /www/wwwroot/salutbagansiapiapi.com/Universitas_Terbuka/vendor/laravel/framework/src/Illuminate/Foundation/Http/Kernel.php(145): Illuminate\\Foundation\\Http\\Kernel->sendRequestThroughRouter()
#67 /www/wwwroot/salutbagansiapiapi.com/Universitas_Terbuka/vendor/laravel/framework/src/Illuminate/Foundation/Application.php(1216): Illuminate\\Foundation\\Http\\Kernel->handle()
#68 /www/wwwroot/salutbagansiapiapi.com/Universitas_Terbuka/public/index.php(17): Illuminate\\Foundation\\Application->handleRequest()
#69 {main}
"} 
[2025-10-19 08:58:02] local.ERROR: file_put_contents(D:\Project UT\Universitas_Terbuka\storage\framework/sessions/fbyPrI7KPGYCXKMwcxsPeVFcIdS1fHJkwADB3moX): Failed to open stream: No such file or directory {"exception":"[object] (ErrorException(code: 0): file_put_contents(D:\\Project UT\\Universitas_Terbuka\\storage\\framework/sessions/fbyPrI7KPGYCXKMwcxsPeVFcIdS1fHJkwADB3moX): Failed to open stream: No such file or directory at /www/wwwroot/salutbagansiapiapi.com/Universitas_Terbuka/vendor/laravel/framework/src/Illuminate/Filesystem/Filesystem.php:204)
[stacktrace]
#0 /www/wwwroot/salutbagansiapiapi.com/Universitas_Terbuka/vendor/laravel/framework/src/Illuminate/Foundation/Bootstrap/HandleExceptions.php(256): Illuminate\\Foundation\\Bootstrap\\HandleExceptions->handleError()
#1 [internal function]: Illuminate\\Foundation\\Bootstrap\\HandleExceptions->Illuminate\\Foundation\\Bootstrap\\{closure}()
#2 /www/wwwroot/salutbagansiapiapi.com/Universitas_Terbuka/vendor/laravel/framework/src/Illuminate/Filesystem/Filesystem.php(204): file_put_contents()
#3 /www/wwwroot/salutbagansiapiapi.com/Universitas_Terbuka/vendor/laravel/framework/src/Illuminate/Session/FileSessionHandler.php(90): Illuminate\\Filesystem\\Filesystem->put()
#4 /www/wwwroot/salutbagansiapiapi.com/Universitas_Terbuka/vendor/laravel/framework/src/Illuminate/Session/Store.php(176): Illuminate\\Session\\FileSessionHandler->write()
#5 /www/wwwroot/salutbagansiapiapi.com/Universitas_Terbuka/vendor/laravel/framework/src/Illuminate/Session/Middleware/StartSession.php(245): Illuminate\\Session\\Store->save()
#6 /www/wwwroot/salutbagansiapiapi.com/Universitas_Terbuka/vendor/laravel/framework/src/Illuminate/Session/Middleware/StartSession.php(130): Illuminate\\Session\\Middleware\\StartSession->saveSession()
#7 /www/wwwroot/salutbagansiapiapi.com/Universitas_Terbuka/vendor/laravel/framework/src/Illuminate/Session/Middleware/StartSession.php(64): Illuminate\\Session\\Middleware\\StartSession->handleStatefulRequest()
#8 /www/wwwroot/salutbagansiapiapi.com/Universitas_Terbuka/vendor/laravel/framework/src/Illuminate/Pipeline/Pipeline.php(209): Illuminate\\Session\\Middleware\\StartSession->handle()
#9 /www/wwwroot/salutbagansiapiapi.com/Universitas_Terbuka/vendor/laravel/framework/src/Illuminate/Cookie/Middleware/AddQueuedCookiesToResponse.php(37): Illuminate\\Pipeline\\Pipeline->Illuminate\\Pipeline\\{closure}()
#10 /www/wwwroot/salutbagansiapiapi.com/Universitas_Terbuka/vendor/laravel/framework/src/Illuminate/Pipeline/Pipeline.php(209): Illuminate\\Cookie\\Middleware\\AddQueuedCookiesToResponse->handle()
#11 /www/wwwroot/salutbagansiapiapi.com/Universitas_Terbuka/vendor/laravel/framework/src/Illuminate/Cookie/Middleware/EncryptCookies.php(75): Illuminate\\Pipeline\\Pipeline->Illuminate\\Pipeline\\{closure}()
#12 /www/wwwroot/salutbagansiapiapi.com/Universitas_Terbuka/vendor/laravel/framework/src/Illuminate/Pipeline/Pipeline.php(209): Illuminate\\Cookie\\Middleware\\EncryptCookies->handle()
#13 /www/wwwroot/salutbagansiapiapi.com/Universitas_Terbuka/vendor/laravel/framework/src/Illuminate/Pipeline/Pipeline.php(127): Illuminate\\Pipeline\\Pipeline->Illuminate\\Pipeline\\{closure}()
#14 /www/wwwroot/salutbagansiapiapi.com/Universitas_Terbuka/vendor/laravel/framework/src/Illuminate/Routing/Router.php(807): Illuminate\\Pipeline\\Pipeline->then()
#15 /www/wwwroot/salutbagansiapiapi.com/Universitas_Terbuka/vendor/laravel/framework/src/Illuminate/Routing/Router.php(786): Illuminate\\Routing\\Router->runRouteWithinStack()
#16 /www/wwwroot/salutbagansiapiapi.com/Universitas_Terbuka/vendor/laravel/framework/src/Illuminate/Routing/Router.php(750): Illuminate\\Routing\\Router->runRoute()
#17 /www/wwwroot/salutbagansiapiapi.com/Universitas_Terbuka/vendor/laravel/framework/src/Illuminate/Routing/Router.php(739): Illuminate\\Routing\\Router->dispatchToRoute()
#18 /www/wwwroot/salutbagansiapiapi.com/Universitas_Terbuka/vendor/laravel/framework/src/Illuminate/Foundation/Http/Kernel.php(201): Illuminate\\Routing\\Router->dispatch()
#19 /www/wwwroot/salutbagansiapiapi.com/Universitas_Terbuka/vendor/laravel/framework/src/Illuminate/Pipeline/Pipeline.php(170): Illuminate\\Foundation\\Http\\Kernel->Illuminate\\Foundation\\Http\\{closure}()
#20 /www/wwwroot/salutbagansiapiapi.com/Universitas_Terbuka/vendor/laravel/framework/src/Illuminate/Foundation/Http/Middleware/TransformsRequest.php(21): Illuminate\\Pipeline\\Pipeline->Illuminate\\Pipeline\\{closure}()
#21 /www/wwwroot/salutbagansiapiapi.com/Universitas_Terbuka/vendor/laravel/framework/src/Illuminate/Foundation/Http/Middleware/ConvertEmptyStringsToNull.php(31): Illuminate\\Foundation\\Http\\Middleware\\TransformsRequest->handle()
#22 /www/wwwroot/salutbagansiapiapi.com/Universitas_Terbuka/vendor/laravel/framework/src/Illuminate/Pipeline/Pipeline.php(209): Illuminate\\Foundation\\Http\\Middleware\\ConvertEmptyStringsToNull->handle()
#23 /www/wwwroot/salutbagansiapiapi.com/Universitas_Terbuka/vendor/laravel/framework/src/Illuminate/Foundation/Http/Middleware/TransformsRequest.php(21): Illuminate\\Pipeline\\Pipeline->Illuminate\\Pipeline\\{closure}()
#24 /www/wwwroot/salutbagansiapiapi.com/Universitas_Terbuka/vendor/laravel/framework/src/Illuminate/Foundation/Http/Middleware/TrimStrings.php(51): Illuminate\\Foundation\\Http\\Middleware\\TransformsRequest->handle()
#25 /www/wwwroot/salutbagansiapiapi.com/Universitas_Terbuka/vendor/laravel/framework/src/Illuminate/Pipeline/Pipeline.php(209): Illuminate\\Foundation\\Http\\Middleware\\TrimStrings->handle()
#26 /www/wwwroot/salutbagansiapiapi.com/Universitas_Terbuka/vendor/laravel/framework/src/Illuminate/Http/Middleware/ValidatePostSize.php(27): Illuminate\\Pipeline\\Pipeline->Illuminate\\Pipeline\\{closure}()
#27 /www/wwwroot/salutbagansiapiapi.com/Universitas_Terbuka/vendor/laravel/framework/src/Illuminate/Pipeline/Pipeline.php(209): Illuminate\\Http\\Middleware\\ValidatePostSize->handle()
#28 /www/wwwroot/salutbagansiapiapi.com/Universitas_Terbuka/vendor/laravel/framework/src/Illuminate/Foundation/Http/Middleware/PreventRequestsDuringMaintenance.php(110): Illuminate\\Pipeline\\Pipeline->Illuminate\\Pipeline\\{closure}()
#29 /www/wwwroot/salutbagansiapiapi.com/Universitas_Terbuka/vendor/laravel/framework/src/Illuminate/Pipeline/Pipeline.php(209): Illuminate\\Foundation\\Http\\Middleware\\PreventRequestsDuringMaintenance->handle()
#30 /www/wwwroot/salutbagansiapiapi.com/Universitas_Terbuka/vendor/laravel/framework/src/Illuminate/Http/Middleware/HandleCors.php(49): Illuminate\\Pipeline\\Pipeline->Illuminate\\Pipeline\\{closure}()
#31 /www/wwwroot/salutbagansiapiapi.com/Universitas_Terbuka/vendor/laravel/framework/src/Illuminate/Pipeline/Pipeline.php(209): Illuminate\\Http\\Middleware\\HandleCors->handle()
#32 /www/wwwroot/salutbagansiapiapi.com/Universitas_Terbuka/vendor/laravel/framework/src/Illuminate/Http/Middleware/TrustProxies.php(58): Illuminate\\Pipeline\\Pipeline->Illuminate\\Pipeline\\{closure}()
#33 /www/wwwroot/salutbagansiapiapi.com/Universitas_Terbuka/vendor/laravel/framework/src/Illuminate/Pipeline/Pipeline.php(209): Illuminate\\Http\\Middleware\\TrustProxies->handle()
#34 /www/wwwroot/salutbagansiapiapi.com/Universitas_Terbuka/vendor/laravel/framework/src/Illuminate/Foundation/Http/Middleware/InvokeDeferredCallbacks.php(22): Illuminate\\Pipeline\\Pipeline->Illuminate\\Pipeline\\{closure}()
#35 /www/wwwroot/salutbagansiapiapi.com/Universitas_Terbuka/vendor/laravel/framework/src/Illuminate/Pipeline/Pipeline.php(209): Illuminate\\Foundation\\Http\\Middleware\\InvokeDeferredCallbacks->handle()
#36 /www/wwwroot/salutbagansiapiapi.com/Universitas_Terbuka/vendor/laravel/framework/src/Illuminate/Pipeline/Pipeline.php(127): Illuminate\\Pipeline\\Pipeline->Illuminate\\Pipeline\\{closure}()
#37 /www/wwwroot/salutbagansiapiapi.com/Universitas_Terbuka/vendor/laravel/framework/src/Illuminate/Foundation/Http/Kernel.php(176): Illuminate\\Pipeline\\Pipeline->then()
#38 /www/wwwroot/salutbagansiapiapi.com/Universitas_Terbuka/vendor/laravel/framework/src/Illuminate/Foundation/Http/Kernel.php(145): Illuminate\\Foundation\\Http\\Kernel->sendRequestThroughRouter()
#39 /www/wwwroot/salutbagansiapiapi.com/Universitas_Terbuka/vendor/laravel/framework/src/Illuminate/Foundation/Application.php(1216): Illuminate\\Foundation\\Http\\Kernel->handle()
#40 /www/wwwroot/salutbagansiapiapi.com/Universitas_Terbuka/public/index.php(17): Illuminate\\Foundation\\Application->handleRequest()
#41 {main}
"} 
